,index,Unnamed: 0.1,sugar_flour_ratio,sugar_index,bake_temp,chill_time,calories,density,pH,gr_baking_soda,bake_time,quality,weight,diameter,mixins,crunch_factor,aesthetic_appeal,butter_type_melted,chocolate,raisins,oats,nuts,peanut butter
0,0,14,0.62,19.25,400.0,41.0,172.0,1.0002,7.98,0.67,9.7,0,16.6,7,"nuts, chocolate",1.85,3,1,1,0,0,1,0
1,1,26,0.35,1.0,520.0,35.0,146.0,0.993,8.45,0.44,10.0,0,13.8,7,chocolate,1.43,3,1,1,0,0,0,0
2,2,30,0.39,10.4,440.0,20.0,142.0,0.9974,8.2,0.53,10.0,0,17.0,7,chocolate,1.57,3,1,1,0,0,0,0
3,3,52,0.33,1.1,570.0,21.0,82.0,0.991,8.32,0.46,10.9,0,12.4,7,"chocolate, oats",1.44,3,1,1,0,1,0,0
4,4,100,0.37,13.5,600.0,52.0,192.0,0.9975,8.0,0.44,9.1,0,14.8,7,chocolate,1.51,3,1,1,0,0,0,0
5,5,180,0.31,5.5,480.0,42.0,173.0,0.9951,8.19,0.66,9.3,0,12.8,7,raisins,1.86,3,1,0,1,0,0,0
6,6,204,0.35,2.3,530.0,36.0,114.0,0.9924,8.28,0.5,10.2,0,11.6,7,chocolate,1.23,3,1,1,0,0,0,0
7,7,207,0.88,6.2,490.0,20.0,124.0,0.9968,7.99,0.51,9.9,0,20.4,7,"nuts, chocolate",1.36,3,1,1,0,0,1,0
8,8,216,0.36,7.0,360.0,45.0,164.0,0.9939,8.03,0.33,11.0,0,15.0,7,chocolate,1.21,3,1,1,0,0,0,0
9,9,228,0.32,2.4,480.0,41.0,200.0,0.9938,8.5,0.5,9.7,0,12.8,7,"chocolate, oats",1.37,3,1,1,0,1,0,0
10,10,293,0.22,7.3,410.0,26.0,157.0,0.9957,8.44,0.64,9.8,0,12.4,7,chocolate,1.09,3,1,1,0,0,0,0
11,11,309,0.26,4.8,370.0,36.0,148.0,0.9928,8.21,0.41,10.4,0,12.4,7,raisins,1.0,3,1,0,1,0,0,0
12,12,327,0.23,6.3,390.0,37.0,143.0,0.9944,8.19,0.65,10.0,0,12.8,7,raisins,1.42,3,1,0,1,0,0,0
13,13,329,0.41,1.3,360.0,33.0,85.0,0.992,8.17,0.51,10.4,0,14.4,7,chocolate,1.69,3,1,1,0,0,0,0
14,14,332,0.3,1.8,330.0,16.0,91.0,0.9906,8.28,0.4,11.8,0,12.6,7,chocolate,1.72,3,1,1,0,0,0,0
15,15,340,0.43,7.8,450.0,27.0,153.0,0.9964,8.19,0.55,9.0,0,14.8,7,chocolate,1.98,3,1,1,0,0,0,0
16,16,347,0.41,15.6,560.0,75.0,155.0,0.9995,8.2,0.44,8.8,0,13.4,7,"chocolate, oats",1.81,3,1,1,0,1,0,0
17,17,357,0.33,1.1,500.0,24.0,169.0,0.9927,8.15,0.78,9.5,0,12.2,7,raisins,1.63,3,1,0,1,0,0,0
18,18,393,0.43,2.0,210.0,20.0,69.0,0.99,8.08,0.56,12.2,0,14.6,7,chocolate,1.05,3,1,1,0,0,0,0
19,19,397,0.4,1.5,370.0,35.0,107.0,0.9917,8.46,0.5,11.4,0,12.6,7,chocolate,1.33,3,1,1,0,0,0,0
20,20,408,0.39,1.2,440.0,26.0,116.0,0.992,8.26,0.53,10.3,0,12.6,7,"chocolate, oats",1.15,3,1,1,0,1,0,0
21,21,438,0.34,2.3,450.0,73.5,214.0,0.9934,8.18,0.61,9.9,0,14.8,7,"chocolate, oats",1.25,3,1,1,0,1,0,0
22,22,440,0.37,1.6,280.0,24.0,102.0,0.9913,8.29,0.59,11.6,0,13.4,7,chocolate,1.26,3,1,1,0,0,0,0
23,23,469,0.53,18.15,470.0,59.0,182.0,0.9992,8.09,0.52,9.6,0,14.4,7,chocolate,1.97,3,1,1,0,0,0,0
24,24,480,0.34,8.9,430.0,31.0,172.0,0.9964,8.22,0.6,9.2,0,13.4,7,"nuts, chocolate",1.52,3,1,1,0,0,1,0
25,25,499,0.62,10.8,410.0,70.0,189.0,0.9976,8.08,0.49,8.6,0,14.4,7,"nuts, chocolate",1.6,3,1,1,0,0,1,0
26,26,503,0.29,2.25,370.0,8.0,210.0,0.9937,8.19,0.62,9.9,0,13.0,7,raisins,1.66,3,1,0,1,0,0,0
27,27,510,0.12,1.3,410.0,62.0,138.0,0.9921,8.21,0.42,10.0,0,13.4,7,chocolate,1.68,3,1,1,0,0,0,0
28,28,541,0.65,10.4,500.0,76.0,192.0,0.9976,8.16,0.42,8.7,0,14.4,7,"nuts, chocolate",1.14,3,1,1,0,0,1,0
29,29,607,0.29,7.5,490.0,38.0,158.0,0.9965,8.43,0.38,9.6,0,14.6,7,chocolate,1.85,3,1,1,0,0,0,0
30,30,617,0.27,1.9,510.0,52.0,195.0,0.9928,8.23,0.5,10.9,0,15.6,7,chocolate,1.25,3,1,1,0,0,0,0
31,31,642,0.33,13.9,460.0,68.0,179.0,0.9971,8.36,0.5,10.4,0,12.6,7,chocolate,1.35,3,1,1,0,0,0,0
32,32,699,0.48,14.2,420.0,62.0,204.0,0.9983,8.06,0.59,9.4,0,14.8,7,raisins,1.34,3,1,0,1,0,0,0
33,33,714,0.26,2.7,380.0,39.0,187.0,0.99325,8.41,0.5,10.8,0,12.0,7,raisins,1.55,3,1,0,1,0,0,0
34,34,722,0.34,1.6,320.0,23.0,128.0,0.9917,8.37,0.47,11.7,0,13.8,7,raisins,1.54,3,1,0,1,0,0,0
35,35,759,0.4,1.2,470.0,54.0,134.0,0.9932,8.3,0.97,9.8,0,14.2,7,"chocolate, oats",1.01,3,1,1,0,1,0,0
36,36,836,0.36,2.1,340.0,30.0,177.0,0.99085,8.25,0.4,11.9,0,14.6,7,chocolate,1.73,3,1,1,0,0,0,0
37,37,844,0.29,1.6,340.0,29.0,118.0,0.9917,8.3,0.5,11.0,0,14.6,7,chocolate,1.34,3,1,1,0,0,0,0
38,38,881,0.44,1.9,400.0,9.0,121.0,0.9953,8.19,0.48,9.9,0,17.6,7,raisins,1.63,3,1,0,1,0,0,0
39,39,920,0.32,4.6,570.0,59.0,144.0,0.9956,8.55,0.44,9.4,0,14.0,7,"chocolate, oats",1.51,3,1,1,0,1,0,0
40,40,988,0.33,1.6,430.0,63.0,149.0,0.9925,8.44,0.52,10.8,0,13.8,7,"chocolate, oats",1.96,3,1,1,0,1,0,0
41,41,996,0.34,1.3,460.0,6.0,29.0,0.9924,8.29,0.63,10.4,0,12.0,7,chocolate,1.03,3,1,1,0,0,0,0
42,42,1009,0.39,1.3,550.0,32.0,146.0,0.993,8.08,0.39,10.5,0,16.6,7,"chocolate, oats",1.51,3,1,1,0,1,0,0
43,43,1015,0.22,2.8,360.0,19.0,113.0,0.9926,8.03,0.29,10.2,0,15.2,7,raisins,1.77,3,1,0,1,0,0,0
44,44,1016,0.47,11.2,710.0,44.0,136.0,0.9968,7.98,0.88,9.2,0,13.6,7,raisins,1.67,3,1,0,1,0,0,0
45,45,1031,0.29,7.6,470.0,45.0,232.0,0.9955,8.35,0.62,10.0,0,12.4,7,raisins,1.5,3,1,0,1,0,0,0
46,46,1063,0.26,4.1,730.0,36.0,202.0,0.9956,8.3,0.67,9.5,0,13.4,7,chocolate,1.0,3,1,1,0,0,0,0
47,47,1067,0.34,2.6,370.0,33.0,125.0,0.9923,8.1,0.49,11.1,0,15.0,7,"chocolate, oats",1.1,3,1,1,0,1,0,0
48,48,1071,0.38,14.8,540.0,32.0,126.0,1.0002,8.22,0.5,9.7,0,16.6,7,chocolate,1.53,3,1,1,0,0,0,0
49,49,1080,0.33,4.7,590.0,31.0,118.0,0.9956,8.43,0.39,9.0,0,13.6,7,"chocolate, oats",1.81,3,1,1,0,1,0,0
50,50,1085,0.69,10.2,410.0,58.0,160.0,0.9977,8.06,0.45,8.6,0,14.6,7,raisins,1.81,3,1,0,1,0,0,0
51,51,1117,0.34,8.3,370.0,33.0,216.0,0.9976,8.31,0.64,9.7,0,16.2,7,"nuts, chocolate",1.97,3,1,1,0,0,1,0
52,52,1146,0.32,1.1,310.0,15.0,151.0,0.9936,8.03,0.41,10.6,0,18.2,7,chocolate,1.61,3,1,1,0,0,0,0
53,53,1154,0.3,4.8,370.0,37.0,171.0,0.9967,8.47,0.44,9.0,0,15.8,7,"chocolate, oats",1.87,3,1,1,0,1,0,0
54,54,1156,0.29,16.85,540.0,23.0,135.0,0.9998,8.16,0.38,9.0,0,15.6,7,raisins,1.41,3,1,0,1,0,0,0
55,55,1182,0.33,2.0,450.0,31.0,101.0,0.9931,8.42,0.55,11.4,0,14.8,7,chocolate,1.7,3,1,1,0,0,0,0
56,56,1206,0.46,15.55,370.0,61.0,171.0,0.9986,7.94,0.35,8.8,0,14.0,7,chocolate,1.8,3,1,1,0,0,0,0
57,57,1213,0.16,1.5,490.0,10.0,97.0,0.9917,8.48,0.44,10.7,0,10.0,7,raisins,1.36,3,1,0,1,0,0,0
58,58,1229,0.42,1.15,330.0,18.0,96.0,0.9911,8.2,0.32,12.4,0,16.6,7,raisins,1.81,3,1,0,1,0,0,0
59,59,1231,0.37,4.5,300.0,40.0,114.0,0.992,8.17,0.54,12.4,0,15.8,7,"nuts, chocolate",1.46,3,1,1,0,0,1,0
60,60,1259,0.38,6.8,360.0,64.0,245.0,0.9951,8.06,0.36,9.3,0,12.4,7,chocolate,2.0,3,1,1,0,0,0,0
61,61,1327,0.33,1.5,470.0,44.0,167.0,0.9928,8.12,0.44,10.5,0,13.6,7,chocolate,1.95,3,1,1,0,0,0,0
62,62,1341,0.23,2.0,290.0,13.0,151.0,0.9931,8.04,0.33,10.4,0,15.2,7,"nuts,raisins",1.4,3,1,0,1,0,1,0
63,63,1375,0.32,1.7,320.0,30.0,130.0,0.9911,8.28,0.41,11.2,0,12.4,7,raisins,1.75,3,1,0,1,0,0,0
64,64,1402,0.29,5.4,440.0,31.0,122.0,0.9940000000000001,8.3,0.5,11.1,0,14.8,7,"nuts, chocolate",1.64,3,1,1,0,0,1,0
65,65,1416,0.26,1.3,450.0,16.0,128.0,0.9934,8.36,0.6,10.0,0,13.2,7,chocolate,1.41,3,1,1,0,0,0,0
66,66,1435,0.24,14.2,530.0,19.0,94.0,0.9982,8.17,0.5,9.6,0,13.8,7,chocolate,1.57,3,1,1,0,0,0,0
67,67,1438,0.49,7.1,500.0,67.0,210.0,0.9951,8.23,0.34,9.5,0,12.6,7,chocolate,1.77,3,1,1,0,0,0,0
68,68,1442,0.49,1.2,610.0,27.0,117.0,0.9938,8.08,0.34,9.4,0,16.0,7,chocolate,1.31,3,1,1,0,0,0,0
69,69,1445,0.74,4.45,440.0,33.0,130.0,0.9924,8.25,0.42,12.2,0,16.6,7,chocolate,1.95,3,1,1,0,0,0,0
70,70,1461,0.49,5.4,480.0,54.0,164.0,0.9946,8.56,0.44,10.8,0,12.8,7,"chocolate, oats",1.01,3,1,1,0,1,0,0
71,71,1467,0.49,3.0,300.0,30.0,96.0,0.9903,8.13,0.39,12.3,0,14.2,7,chocolate,1.68,3,1,1,0,0,0,0
72,72,1474,0.24,3.6,570.0,13.0,85.0,0.9942,7.99,0.48,9.5,0,13.8,7,chocolate,1.38,3,1,1,0,0,0,0
73,73,1621,0.49,1.6,500.0,17.0,131.0,0.9956,8.13,0.34,9.4,0,17.8,7,raisins,1.45,3,1,0,1,0,0,0
74,74,1624,0.49,1.0,390.0,46.0,131.0,0.993,8.09,0.51,10.5,0,18.0,7,"chocolate, oats",1.45,3,1,1,0,1,0,0
75,75,1630,0.24,1.8,530.0,6.0,121.0,0.993,8.23,0.7,11.4,0,13.8,7,chocolate,1.54,3,1,1,0,0,0,0
76,76,1652,0.49,1.0,440.0,29.0,118.0,0.9928,8.24,0.36,10.9,0,16.4,7,chocolate,1.83,3,1,1,0,0,0,0
77,77,1655,0.49,1.3,460.0,27.0,142.0,0.9936,8.09,0.59,10.2,0,15.6,7,chocolate,1.99,3,1,1,0,0,0,0
78,78,1659,0.49,7.7,490.0,53.0,217.0,0.996,8.16,0.4,9.3,0,13.2,7,raisins,1.68,3,1,0,1,0,0,0
79,79,1662,0.49,1.4,470.0,30.0,114.0,0.9914,7.92,0.42,10.8,0,13.4,7,chocolate,1.67,3,1,1,0,0,0,0
80,80,1664,0.46,15.4,590.0,32.0,177.0,1.0004,8.27,0.58,9.0,0,16.2,7,chocolate,1.03,3,1,1,0,0,0,0
81,81,1667,0.34,5.9,550.0,33.0,128.0,0.9927,7.95,0.51,11.8,0,17.6,7,raisins,1.67,3,1,0,1,0,0,0
82,82,1678,0.2,6.6,450.0,42.0,170.0,0.9944,8.36,0.45,10.4,0,12.4,7,raisins,1.78,3,1,0,1,0,0,0
83,83,1682,0.28,14.4,550.0,55.0,205.0,0.9986,8.12,0.38,9.0,0,14.4,7,chocolate,1.02,3,1,1,0,0,0,0
84,84,1688,0.26,1.55,410.0,118.5,216.0,0.9949,8.55,0.63,9.4,0,13.4,7,chocolate,1.75,3,1,1,0,0,0,0
85,85,1692,0.3,4.2,400.0,41.0,213.0,0.9927,8.28,0.49,11.8,0,14.0,7,chocolate,1.29,3,1,1,0,0,0,0
86,86,1698,0.3,4.2,400.0,41.0,213.0,0.9927,8.28,0.49,11.8,0,14.0,7,chocolate,1.21,3,1,1,0,0,0,0
87,87,1700,0.3,1.8,430.0,25.0,121.0,0.9944,8.44,0.61,10.2,0,13.4,7,chocolate,1.72,3,1,1,0,0,0,0
88,88,1701,0.36,11.1,330.0,43.0,208.0,0.9969,8.14,0.46,10.3,0,15.8,7,chocolate,1.11,3,1,1,0,0,0,0
89,89,1715,0.34,1.6,400.0,43.0,148.0,0.9912,8.32,0.59,11.5,0,13.0,7,"chocolate, oats",1.87,3,1,1,0,1,0,0
90,90,1716,0.31,6.0,460.0,29.0,108.0,0.9939,8.26,0.5,10.8,0,14.0,7,chocolate,1.53,3,1,1,0,0,0,0
91,91,1718,0.33,1.7,500.0,28.0,178.0,0.9954,8.16,0.43,9.0,0,18.6,7,chocolate,1.69,3,1,1,0,0,0,0
92,92,1721,0.48,2.7,520.0,24.0,190.0,0.995,8.5,0.45,10.9,0,16.4,7,"chocolate, oats",1.34,3,1,1,0,1,0,0
93,93,1727,0.44,14.5,450.0,68.0,212.0,0.9986,8.48,0.36,10.0,0,15.2,7,"nuts, chocolate",1.21,3,1,1,0,0,1,0
94,94,1730,0.3,1.1,310.0,40.0,99.0,0.9929,7.94,0.3,10.4,0,18.4,7,chocolate,1.67,3,1,1,0,0,0,0
95,95,1737,0.3,9.6,570.0,50.0,185.0,0.9978,8.39,0.38,9.6,0,13.8,7,"chocolate, oats",1.44,3,1,1,0,1,0,0
96,96,1746,0.29,4.8,500.0,33.0,87.0,0.9940000000000001,8.14,0.42,9.9,0,15.0,7,chocolate,1.72,3,1,1,0,0,0,0
97,97,1751,0.28,2.5,460.0,40.0,153.0,0.9921,8.38,0.51,11.4,0,13.4,7,"chocolate, oats",1.01,3,1,1,0,1,0,0
98,98,1763,0.3,10.9,370.0,18.0,112.0,0.997,8.4,0.5,9.6,0,14.6,7,chocolate,1.1,3,1,1,0,0,0,0
99,99,1767,0.22,1.7,510.0,50.0,179.0,0.9955,8.28,0.69,8.9,0,14.8,7,raisins,1.74,3,1,0,1,0,0,0
100,100,1769,0.28,4.5,460.0,33.0,102.0,0.9918,8.16,0.56,12.2,0,15.4,7,"nuts, chocolate",1.63,3,1,1,0,0,1,0
101,101,1776,0.35,14.0,690.0,42.0,163.0,0.9990000000000001,8.56,0.47,9.8,0,13.2,7,chocolate,1.57,3,1,1,0,0,0,0
102,102,1778,0.36,1.8,340.0,43.0,150.0,0.9922,8.42,0.69,11.0,0,12.8,7,"chocolate, oats",1.93,3,1,1,0,1,0,0
103,103,1785,0.26,9.25,340.0,73.0,142.0,0.9945,8.05,0.37,11.4,0,17.0,7,chocolate,1.5,3,1,1,0,0,0,0
104,104,1797,0.27,9.05,390.0,37.0,128.0,0.9936,8.27,0.34,11.3,0,13.8,7,chocolate,1.49,3,1,1,0,0,0,0
105,105,1799,0.21,7.1,400.0,35.0,162.0,0.9956,8.39,0.58,9.9,0,12.8,7,chocolate,1.46,3,1,1,0,0,0,0
106,106,1804,0.22,10.2,490.0,57.0,191.0,0.9966,8.08,0.4,9.3,0,15.2,7,raisins,1.51,3,1,0,1,0,0,0
107,107,1810,0.21,1.5,490.0,39.0,184.0,0.9928,8.18,0.41,9.9,0,13.2,7,raisins,1.87,3,1,0,1,0,0,0
108,108,1828,0.23,6.3,510.0,35.0,240.0,0.9963,8.36,0.54,10.0,0,14.6,7,"chocolate, oats",1.41,3,1,1,0,1,0,0
109,109,1831,0.24,15.1,300.0,34.0,153.0,0.9953,8.13,0.51,12.0,0,14.8,7,"nuts, chocolate",1.91,3,1,1,0,0,1,0
110,110,1840,0.33,1.0,540.0,24.0,164.0,0.9926,8.42,0.51,10.5,0,13.8,7,"chocolate, oats",1.1,3,1,1,0,1,0,0
111,111,1845,0.2,11.5,490.0,44.0,157.0,0.998,8.27,0.44,9.0,0,14.8,7,"nuts, chocolate",1.21,3,1,1,0,0,1,0
112,112,1856,0.42,1.6,560.0,34.0,181.0,0.9968,8.11,0.46,10.0,0,20.0,7,"raisins, oats",1.16,3,1,0,1,1,0,0
113,113,1863,0.3,7.8,490.0,57.0,202.0,0.9958,8.24,0.39,9.5,0,13.2,7,chocolate,1.91,3,1,1,0,0,0,0
114,114,1888,0.4,17.85,490.0,50.0,185.0,1.0,8.34,0.42,9.6,0,14.4,7,chocolate,2.0,3,1,1,0,0,0,0
115,115,1890,0.42,14.3,450.0,45.0,213.0,0.9991,8.18,0.63,9.2,0,15.4,7,raisins,1.04,3,1,0,1,0,0,0
116,116,1895,0.33,10.3,390.0,73.0,212.0,0.9969,7.93,0.49,9.5,0,15.8,7,chocolate,1.33,3,1,1,0,0,0,0
117,117,1904,0.33,10.3,390.0,73.0,212.0,0.9969,7.93,0.49,9.5,0,15.8,7,chocolate,1.78,3,1,1,0,0,0,0
118,118,1908,0.36,5.7,380.0,26.0,98.0,0.9914,7.93,0.59,12.5,0,14.4,7,raisins,1.41,3,1,0,1,0,0,0
119,119,1913,0.3,2.1,490.0,21.0,153.0,0.9953,8.09,0.5,9.6,0,16.6,7,chocolate,1.36,3,1,1,0,0,0,0
120,120,1917,0.26,1.3,410.0,20.0,71.0,0.9926,8.04,0.74,9.9,0,14.2,7,"chocolate, oats",1.37,3,1,1,0,1,0,0
121,121,1921,0.34,9.3,620.0,40.0,126.0,0.9966,8.21,0.39,9.6,0,15.2,7,"chocolate, oats",1.76,3,1,1,0,1,0,0
122,122,1923,0.27,1.7,280.0,10.0,59.0,0.9923,7.97,0.48,10.4,0,16.4,7,raisins,1.04,3,1,0,1,0,0,0
123,123,1934,0.36,1.6,400.0,25.0,87.0,0.9924,8.23,0.66,10.3,0,13.6,7,chocolate,1.22,3,1,1,0,0,0,0
124,124,1937,0.27,4.6,800.0,34.0,172.0,0.9938,8.23,0.39,11.1,0,14.6,7,"chocolate, oats",1.15,3,1,1,0,1,0,0
125,125,1938,0.35,1.2,310.0,27.0,84.0,0.9928,8.33,0.34,9.9,0,14.4,7,"chocolate, oats",1.59,3,1,1,0,1,0,0
126,126,1939,0.32,7.6,520.0,35.0,143.0,0.9959,8.14,0.38,9.0,0,13.6,7,raisins,1.92,3,1,0,1,0,0,0
127,127,1945,0.3,7.8,490.0,39.0,152.0,0.9954,7.99,0.58,10.0,0,16.2,7,chocolate,1.58,3,1,1,0,0,0,0
128,128,1947,0.42,1.1,510.0,61.0,197.0,0.9932,8.02,0.4,9.0,0,11.4,7,"nuts, chocolate",1.31,3,1,1,0,0,1,0
129,129,1948,0.31,1.4,460.0,37.0,135.0,0.9939,8.34,0.57,10.2,0,14.4,7,"chocolate, oats",1.34,3,1,1,0,1,0,0
130,130,1951,0.46,1.4,460.0,34.0,185.0,0.9966,8.02,0.49,10.2,0,19.8,7,peanut butter,1.94,3,1,0,0,0,0,1
131,131,1953,0.38,4.3,440.0,49.0,172.0,0.996,8.37,0.74,10.8,0,16.2,7,chocolate,1.63,3,1,1,0,0,0,0
132,132,1954,0.13,17.2,360.0,49.0,219.0,0.9996,7.96,0.46,9.7,0,16.0,7,chocolate,1.53,3,1,1,0,0,0,0
133,133,1959,0.31,1.0,240.0,13.0,91.0,0.993,7.79,0.37,10.1,0,17.0,7,"chocolate, oats",1.92,3,1,1,0,1,0,0
134,134,1964,0.42,6.9,460.0,50.0,173.0,0.9958,8.19,0.46,9.0,0,13.6,7,raisins,1.15,3,1,0,1,0,0,0
135,135,1971,0.3,3.2,300.0,49.0,164.0,0.9927,8.53,0.79,11.7,0,12.6,7,"nuts, chocolate",1.61,3,1,1,0,0,1,0
136,136,1979,0.5,12.8,420.0,57.0,184.0,0.9984,8.09,0.46,9.0,0,15.0,7,raisins,1.43,3,1,0,1,0,0,0
137,137,1991,0.3,14.2,560.0,53.0,212.5,0.9990000000000001,8.14,0.46,8.9,0,15.2,7,chocolate,1.75,3,1,1,0,0,0,0
138,138,1994,0.33,14.6,430.0,47.0,168.0,0.9994,8.34,0.67,8.8,0,14.0,7,chocolate,1.65,3,1,1,0,0,0,0
139,139,1996,0.33,14.6,430.0,47.0,168.0,0.9994,8.34,0.67,8.8,0,14.0,7,chocolate,1.28,3,1,1,0,0,0,0
140,140,2014,0.3,8.1,260.0,14.0,71.0,0.993,7.94,0.36,11.8,0,18.0,7,"nuts,raisins",1.77,3,1,0,1,0,1,0
141,141,2017,0.3,8.1,260.0,14.0,71.0,0.993,7.94,0.36,11.8,0,18.0,7,"nuts,raisins",1.21,3,1,0,1,0,1,0
142,142,2039,0.35,0.6,420.0,11.0,71.0,0.9926,8.08,0.38,10.6,0,17.4,7,chocolate,1.58,3,1,1,0,0,0,0
143,143,2042,0.27,4.8,280.0,22.0,104.0,0.9948,8.34,0.45,9.2,0,11.2,7,"chocolate, oats",1.57,3,1,1,0,1,0,0
144,144,2046,0.43,9.2,460.0,22.0,126.0,0.9982,8.38,0.47,9.3,0,16.6,7,raisins,1.38,3,1,0,1,0,0,0
145,145,2047,0.44,6.6,520.0,28.0,156.0,0.9955,8.14,0.41,9.6,0,13.6,7,raisins,1.29,3,1,0,1,0,0,0
146,146,2051,0.27,18.15,420.0,41.0,146.0,1.0001,8.3,0.36,8.7,0,13.6,7,chocolate,1.31,3,1,1,0,0,0,0
147,147,2057,0.31,4.9,310.0,20.0,151.0,0.9926,8.36,0.82,12.0,0,13.4,7,raisins,1.69,3,1,0,1,0,0,0
148,148,2061,0.33,1.8,360.0,23.0,96.0,0.9925,8.32,0.4,10.8,0,13.4,7,chocolate,1.36,3,1,1,0,0,0,0
149,149,2069,0.25,1.6,300.0,25.0,126.0,0.9901,8.22,0.34,12.1,0,14.2,7,raisins,1.29,3,1,0,1,0,0,0
150,150,2070,0.3,1.3,570.0,25.0,173.0,0.9948,8.26,0.51,9.1,0,14.6,7,raisins,1.1,3,1,0,1,0,0,0
151,151,2071,0.26,5.2,400.0,31.0,140.0,0.995,8.26,0.68,9.5,0,13.0,7,"chocolate, oats",1.73,3,1,1,0,1,0,0
152,152,2072,0.27,5.6,430.0,43.0,164.0,0.9953,8.27,0.76,9.5,0,13.2,7,chocolate,1.86,3,1,1,0,0,0,0
153,153,2090,0.19,8.0,440.0,51.0,172.0,0.9964,8.16,0.44,9.2,0,14.4,7,chocolate,1.98,3,1,1,0,0,0,0
154,154,2091,0.19,7.7,450.0,53.0,176.0,0.9958,8.17,0.38,9.5,0,14.4,7,chocolate,1.79,3,1,1,0,0,0,0
155,155,2095,0.4,8.9,480.0,33.0,146.0,0.9988,8.4,0.46,9.3,0,16.8,7,chocolate,1.74,3,1,1,0,0,0,0
156,156,2109,0.31,10.7,380.0,59.0,186.0,0.9969,8.12,0.55,9.5,0,15.4,7,chocolate,1.41,3,1,1,0,0,0,0
157,157,2112,0.25,17.1,500.0,44.0,138.0,1.0001,8.3,0.37,8.8,0,13.0,7,chocolate,1.19,3,1,1,0,0,0,0
158,158,2118,0.32,3.1,410.0,18.0,126.0,0.9914,8.43,0.42,12.0,0,12.8,7,chocolate,1.38,3,1,1,0,0,0,0
159,159,2121,0.28,4.9,350.0,36.0,109.0,0.9918,8.19,0.58,12.2,0,15.4,7,raisins,1.46,3,1,0,1,0,0,0
160,160,2133,0.27,2.1,300.0,22.0,162.0,0.9914,7.99,0.68,11.9,0,16.6,7,chocolate,1.34,3,1,1,0,0,0,0
161,161,2137,0.26,7.1,540.0,41.0,224.0,0.9966,8.38,0.55,10.1,0,14.4,7,"chocolate, oats",1.82,3,1,1,0,1,0,0
162,162,2142,0.52,13.2,470.0,64.0,179.0,0.9982,8.1,0.46,9.0,0,15.0,7,chocolate,1.21,3,1,1,0,0,0,0
163,163,2143,0.32,2.7,370.0,18.0,89.0,0.9924,8.4,0.74,11.5,0,13.0,7,"chocolate, oats",1.63,3,1,1,0,1,0,0
164,164,2145,0.31,10.0,540.0,49.0,165.0,0.997,8.4,0.42,9.9,0,14.4,7,chocolate,1.22,3,1,1,0,0,0,0
165,165,2151,0.35,15.3,560.0,31.0,117.0,0.9998,8.27,0.5,9.6,0,15.4,7,chocolate,1.15,3,1,1,0,0,0,0
166,166,2152,0.33,2.1,520.0,15.0,76.0,0.993,8.2,0.41,10.6,0,14.0,7,chocolate,1.65,3,1,1,0,0,0,0
167,167,2153,0.39,1.9,540.0,23.0,91.0,0.9941,8.27,0.45,10.3,0,15.0,7,"chocolate, oats",1.27,3,1,1,0,1,0,0
168,168,2154,0.45,8.6,520.0,34.0,187.0,0.9994,8.12,0.59,10.2,0,19.6,7,"raisins, oats",1.06,3,1,0,1,1,0,0
169,169,2164,0.28,18.8,280.0,55.0,130.0,0.998,7.96,0.35,11.6,0,16.8,7,chocolate,1.17,3,1,1,0,0,0,0
170,170,2171,0.3,12.8,530.0,48.5,229.0,0.9986,8.14,0.49,9.1,0,14.8,7,"chocolate, oats",1.57,3,1,1,0,1,0,0
171,171,2181,0.25,3.8,440.0,30.0,114.0,0.992,8.11,0.4,11.0,0,14.8,7,chocolate,1.84,3,1,1,0,0,0,0
172,172,2183,0.24,6.6,400.0,38.0,141.0,0.995,8.22,0.47,9.5,0,12.6,7,raisins,1.09,3,1,0,1,0,0,0
173,173,2191,0.35,10.7,370.0,34.0,145.0,0.9981,8.09,0.32,9.7,0,18.4,7,chocolate,1.54,3,1,1,0,0,0,0
174,174,2196,0.26,1.1,370.0,20.0,71.0,0.9902,8.1,0.38,11.7,0,14.0,7,chocolate,1.33,3,1,1,0,0,0,0
175,175,2212,0.35,1.5,390.0,24.0,125.0,0.9918,8.17,0.64,12.2,0,14.0,7,raisins,1.03,3,1,0,1,0,0,0
176,176,2213,0.29,1.4,470.0,23.0,107.0,0.9939,8.52,0.65,10.4,0,14.8,7,"chocolate, oats",1.53,3,1,1,0,1,0,0
177,177,2221,0.34,13.8,410.0,32.0,161.0,0.9981,8.13,0.4,9.9,0,17.0,7,chocolate,1.66,3,1,1,0,0,0,0
178,178,2224,0.28,10.8,510.0,25.0,157.0,0.9957,8.06,0.47,11.4,0,16.0,7,"nuts, chocolate",1.1,3,1,1,0,0,1,0
179,179,2231,0.35,9.2,340.0,42.0,150.0,0.9947,8.21,0.36,11.5,0,13.8,7,chocolate,1.36,3,1,1,0,0,0,0
180,180,2232,0.31,2.8,540.0,16.0,89.0,0.99416,7.96,0.45,9.5,0,16.8,7,chocolate,1.08,3,1,1,0,0,0,0
181,181,2233,0.35,1.6,490.0,10.0,164.0,0.99516,8.35,0.51,9.7,0,13.0,7,raisins,1.23,3,1,0,1,0,0,0
182,182,2235,0.42,8.5,480.0,10.0,147.0,0.9974,8.32,0.46,9.5,0,13.8,7,"nuts, chocolate",1.17,3,1,1,0,0,1,0
183,183,2240,0.18,8.2,420.0,41.0,180.0,0.99644,8.16,0.49,9.1,0,14.4,7,chocolate,1.46,3,1,1,0,0,0,0
184,184,2241,0.19,7.8,400.0,48.0,184.0,0.99579,8.16,0.5,9.4,0,14.2,7,chocolate,1.87,3,1,1,0,0,0,0
185,185,2246,0.2,14.9,600.0,37.0,162.0,0.9983,8.13,0.45,9.0,0,12.8,7,raisins,1.71,3,1,0,1,0,0,0
186,186,2248,0.29,1.7,470.0,16.0,100.0,0.9924299999999999,8.28,0.45,10.6,0,14.8,7,chocolate,1.68,3,1,1,0,0,0,0
187,187,2249,0.18,7.7,480.0,45.0,186.0,0.9962,8.23,0.47,9.0,0,12.6,7,chocolate,1.46,3,1,1,0,0,0,0
188,188,2250,0.54,17.3,600.0,46.0,235.0,1.0018200000000002,8.08,0.61,8.8,0,18.4,7,raisins,1.52,3,1,0,1,0,0,0
189,189,2256,0.35,1.4,390.0,24.0,128.0,0.9921200000000001,7.97,0.68,10.4,0,14.2,7,"chocolate, oats",1.53,3,1,1,0,1,0,0
190,190,2259,0.54,1.4,1570.0,34.0,132.0,0.99449,8.11,0.53,9.0,0,14.4,7,raisins,1.3,3,1,0,1,0,0,0
191,191,2265,0.21,15.7,560.0,49.0,159.0,0.9982700000000001,8.11,0.48,9.0,0,13.8,7,raisins,1.79,3,1,0,1,0,0,0
192,192,2277,0.3,1.3,330.0,25.0,91.0,0.9926799999999999,8.53,0.39,10.6,0,14.8,7,"chocolate, oats",1.27,3,1,1,0,1,0,0
193,193,2279,0.52,1.3,1480.0,45.0,149.0,0.9946799999999999,8.08,0.56,8.7,0,14.2,7,"nuts, chocolate",1.42,3,1,1,0,0,1,0
194,194,2280,0.25,1.3,470.0,20.0,77.0,0.9933,8.61,0.54,10.2,0,12.8,7,"chocolate, oats",1.82,3,1,1,0,1,0,0
195,195,2281,0.22,1.3,460.0,18.0,66.0,0.9930700000000001,8.61,0.55,10.3,0,12.6,7,"chocolate, oats",1.13,3,1,1,0,1,0,0
196,196,2282,0.26,15.6,490.0,67.0,210.0,0.9990700000000001,8.06,0.68,9.5,0,14.8,7,raisins,1.12,3,1,0,1,0,0,0
197,197,2285,0.26,15.6,490.0,67.0,210.0,0.9990700000000001,8.06,0.68,9.5,0,14.8,7,raisins,1.56,3,1,0,1,0,0,0
198,198,2289,0.28,6.5,370.0,26.0,97.0,0.9914799999999999,8.16,0.58,12.6,0,14.6,7,"nuts, chocolate",1.98,3,1,1,0,0,1,0
199,199,2291,0.28,2.7,470.0,38.0,150.0,0.99365,8.1,0.56,10.8,0,17.2,7,"chocolate, oats",1.23,3,1,1,0,1,0,0
200,200,2297,0.42,10.6,420.0,66.0,202.0,0.99674,8.24,0.53,9.5,0,13.0,7,chocolate,1.73,3,1,1,0,0,0,0
201,201,2298,0.18,3.5,270.0,23.0,109.0,0.99018,8.34,0.54,12.8,0,12.6,7,"nuts, chocolate",1.12,3,1,1,0,0,1,0
202,202,2300,0.33,2.3,430.0,28.0,125.0,0.9908399999999999,8.34,0.44,12.6,0,14.6,7,raisins,1.88,3,1,0,1,0,0,0
203,203,2304,0.2,1.4,600.0,15.0,168.0,0.9944,8.06,0.4,9.4,0,15.0,7,"nuts, chocolate",1.06,3,1,1,0,0,1,0
204,204,2305,0.3,5.0,400.0,40.0,143.0,0.9917299999999999,8.33,0.42,12.2,0,14.0,7,raisins,1.58,3,1,0,1,0,0,0
205,205,2310,0.55,14.6,530.0,34.0,159.0,0.99805,7.93,0.44,9.2,0,13.6,7,chocolate,1.46,3,1,1,0,0,0,0
206,206,2317,0.62,10.6,450.0,51.0,153.0,0.99779,8.16,0.44,8.8,0,15.0,7,chocolate,1.48,3,1,1,0,0,0,0
207,207,2337,0.35,9.8,670.0,61.0,180.0,0.9972,8.15,0.57,9.0,0,13.0,7,chocolate,1.05,3,1,1,0,0,0,0
208,208,2350,0.22,13.3,480.0,46.0,212.0,0.9994200000000001,8.47,0.59,10.0,0,15.8,7,raisins,1.71,3,1,0,1,0,0,0
209,209,2362,0.29,1.7,350.0,39.0,144.0,0.9927,8.49,0.5,10.5,0,13.0,7,"chocolate, oats",1.17,3,1,1,0,1,0,0
210,210,2363,0.26,12.6,530.0,44.0,182.0,0.99802,8.42,0.42,9.7,0,13.4,7,chocolate,1.26,3,1,1,0,0,0,0
211,211,2371,0.73,7.2,990.0,47.0,202.0,0.99582,8.21,0.43,9.2,0,12.4,7,"nuts, chocolate",1.31,3,1,1,0,0,1,0
212,212,2372,0.18,3.0,360.0,5.0,85.0,0.99125,8.28,0.4,11.5,0,12.0,7,raisins,1.14,3,1,0,1,0,0,0
213,213,2392,0.34,1.5,910.0,42.0,135.0,0.9938,8.25,0.49,9.6,0,12.8,7,"chocolate, oats",1.29,3,1,1,0,1,0,0
214,214,2396,0.25,17.75,470.0,25.0,218.0,1.00016,7.98,0.66,9.1,0,16.8,7,raisins,1.21,3,1,0,1,0,0,0
215,215,2400,0.42,2.0,470.0,16.0,104.0,0.9951700000000001,8.09,0.66,10.0,0,18.4,7,"chocolate, oats",1.18,3,1,1,0,1,0,0
216,216,2401,0.49,2.0,440.0,18.0,107.0,0.9951399999999999,8.1,0.53,10.2,0,18.4,7,"chocolate, oats",1.26,3,1,1,0,1,0,0
217,217,2402,0.28,8.2,380.0,72.0,202.0,0.99566,8.12,0.56,10.0,0,16.0,7,chocolate,1.96,3,1,1,0,0,0,0
218,218,2419,0.41,19.35,700.0,67.0,207.0,1.00118,8.39,0.53,9.1,0,12.2,7,raisins,1.28,3,1,0,1,0,0,0
219,219,2422,0.18,7.7,960.0,28.0,210.0,0.99771,8.56,0.72,9.2,0,12.4,7,"nuts, chocolate",1.65,3,1,1,0,0,1,0
220,220,2424,0.18,7.7,960.0,28.0,210.0,0.99771,8.56,0.72,9.2,0,12.4,7,"nuts, chocolate",1.02,3,1,1,0,0,1,0
221,221,2430,0.17,8.3,420.0,61.0,195.0,0.99577,8.22,0.46,9.4,0,12.8,7,chocolate,1.06,3,1,1,0,0,0,0
222,222,2432,0.17,8.4,440.0,60.0,198.0,0.9957799999999999,8.21,0.47,9.4,0,12.8,7,chocolate,1.17,3,1,1,0,0,0,0
223,223,2434,0.27,17.5,450.0,48.0,253.0,1.00014,8.02,0.56,9.1,0,16.6,7,chocolate,1.57,3,1,1,0,0,0,0
224,224,2435,0.35,5.6,340.0,9.0,148.0,0.99441,8.17,0.5,9.8,0,12.8,7,raisins,1.91,3,1,0,1,0,0,0
225,225,2445,0.34,2.6,510.0,40.5,210.0,0.9931399999999999,8.15,0.61,10.0,0,13.2,7,raisins,1.36,3,1,0,1,0,0,0
226,226,2447,0.26,8.2,420.0,21.0,133.0,0.9961200000000001,8.43,0.64,9.8,0,13.0,7,chocolate,1.31,3,1,1,0,0,0,0
227,227,2451,0.15,10.0,370.0,38.0,157.0,0.9964200000000001,8.28,0.52,9.4,0,13.2,7,"nuts,raisins",1.76,3,1,0,1,0,1,0
228,228,2456,0.36,7.4,370.0,36.0,156.0,0.99592,8.19,0.54,10.6,0,16.2,7,raisins,1.56,3,1,0,1,0,0,0
229,229,2472,0.23,10.3,320.0,12.0,97.0,0.99571,8.13,0.4,10.7,0,17.6,7,chocolate,1.19,3,1,1,0,0,0,0
230,230,2473,0.21,15.55,430.0,20.0,142.0,0.9965799999999999,8.11,0.54,10.1,0,12.0,7,chocolate,1.48,3,1,1,0,0,0,0
231,231,2491,0.24,5.3,750.0,49.0,201.0,0.99466,8.21,0.43,9.5,0,12.0,7,chocolate,1.83,3,1,1,0,0,0,0
232,232,2493,0.23,12.7,540.0,20.0,139.0,0.99836,8.16,0.5,9.7,0,15.2,7,raisins,1.27,3,1,0,1,0,0,0
233,233,2497,0.36,18.1,460.0,32.0,133.0,1.0,8.27,0.48,8.8,0,13.6,7,chocolate,1.42,3,1,1,0,0,0,0
234,234,2501,0.4,6.4,390.0,39.0,191.0,0.99513,8.14,0.52,9.8,0,12.8,7,raisins,1.69,3,1,0,1,0,0,0
235,235,2507,0.31,5.2,320.0,36.0,140.0,0.99166,8.35,0.47,12.3,0,14.2,7,raisins,1.4,3,1,0,1,0,0,0
236,236,2514,0.3,4.7,290.0,34.0,148.0,0.99165,8.36,0.49,12.3,0,13.8,7,raisins,1.07,3,1,0,1,0,0,0
237,237,2517,0.29,11.3,340.0,61.0,224.0,0.9968299999999999,8.14,0.56,9.5,0,14.6,7,"nuts,raisins",1.69,3,1,0,1,0,1,0
238,238,2526,0.33,1.4,290.0,35.0,138.0,0.9911399999999999,8.36,0.6,11.5,0,13.0,7,"chocolate, oats",1.85,3,1,1,0,1,0,0
239,239,2534,0.3,1.7,430.0,19.0,95.0,0.9920700000000001,8.17,0.46,10.7,0,13.6,7,chocolate,1.71,3,1,1,0,0,0,0
240,240,2538,0.14,8.6,320.0,30.0,142.0,0.9954200000000001,8.28,0.44,9.5,0,11.8,7,chocolate,1.15,3,1,1,0,0,0,0
241,241,2540,0.34,12.1,300.0,34.0,177.0,0.9970600000000001,8.13,0.47,10.6,0,18.0,7,chocolate,2.0,3,1,1,0,0,0,0
242,242,2543,0.25,17.3,460.0,15.0,110.0,0.99828,8.15,0.42,9.2,0,13.0,7,chocolate,1.41,3,1,1,0,0,0,0
243,243,2547,0.14,4.8,520.0,27.0,128.0,0.99475,8.21,0.48,9.4,0,12.4,7,raisins,1.87,3,1,0,1,0,0,0
244,244,2556,0.64,12.9,330.0,54.0,170.0,0.998,8.0,0.53,8.8,0,15.2,7,chocolate,1.99,3,1,1,0,0,0,0
245,245,2565,0.16,14.9,480.0,59.0,240.0,0.99902,8.13,0.45,8.9,0,14.6,7,raisins,1.63,3,1,0,1,0,0,0
246,246,2568,0.36,7.0,430.0,60.0,207.0,0.99556,8.16,0.49,9.6,0,13.6,7,chocolate,1.8,3,1,1,0,0,0,0
247,247,2569,0.24,8.6,340.0,25.0,135.0,0.99582,8.33,0.59,10.3,0,13.2,7,chocolate,1.24,3,1,1,0,0,0,0
248,248,2575,0.42,10.4,380.0,85.0,182.0,0.9962799999999999,8.04,0.44,8.9,0,13.4,7,"chocolate, oats",1.35,3,1,1,0,1,0,0
249,249,2576,0.4,10.0,390.0,74.0,227.0,0.99582,8.18,0.5,9.4,0,13.0,7,chocolate,1.86,3,1,1,0,0,0,0
250,250,2580,0.26,18.95,530.0,36.0,174.0,0.99976,8.2,0.5,10.4,0,15.4,7,raisins,1.49,3,1,0,1,0,0,0
251,251,2581,0.3,12.8,620.0,19.0,171.0,0.99808,8.0,0.52,9.0,0,13.6,7,"chocolate, oats",1.55,3,1,1,0,1,0,0
252,252,2589,0.1,1.4,680.0,25.0,154.0,0.9949899999999999,8.2,0.48,9.7,0,14.4,7,"nuts, oats, chocolate",1.46,3,1,1,0,1,1,0
253,253,2608,0.32,8.2,240.0,53.0,209.0,0.9956299999999999,8.12,0.46,10.8,0,15.0,7,chocolate,1.52,3,1,1,0,0,0,0
254,254,2610,0.46,11.1,530.0,44.0,177.0,0.9969100000000001,8.18,0.67,9.4,0,12.6,7,chocolate,1.88,3,1,1,0,0,0,0
255,255,2616,0.41,14.2,390.0,47.0,129.0,0.9967799999999999,8.28,0.72,10.3,0,13.0,7,"chocolate, oats",1.74,3,1,1,0,1,0,0
256,256,2620,0.28,20.4,410.0,40.0,144.0,1.0002,8.14,0.38,8.7,0,13.0,7,chocolate,1.04,3,1,1,0,0,0,0
257,257,2621,0.52,10.1,500.0,29.0,140.0,0.9962799999999999,8.07,0.4,9.4,0,13.2,7,raisins,1.41,3,1,0,1,0,0,0
258,258,2629,0.0,1.3,440.0,72.0,197.0,0.9920200000000001,8.56,0.43,10.9,0,11.6,7,"nuts, oats, chocolate",1.89,3,1,1,0,1,1,0
259,259,2646,0.36,1.2,460.0,9.0,71.0,0.9919899999999999,8.7,0.68,10.9,0,11.4,7,"chocolate, oats",1.45,3,1,1,0,1,0,0
260,260,2652,0.31,2.3,180.0,45.0,80.0,0.98936,8.06,0.34,12.9,0,14.6,7,chocolate,1.56,3,1,1,0,0,0,0
261,261,2654,0.22,5.95,810.0,76.0,303.0,0.99705,8.4,0.57,9.4,0,13.8,7,"nuts, chocolate",1.17,3,1,1,0,0,1,0
262,262,2660,0.34,6.6,670.0,35.0,156.0,0.9954200000000001,8.11,0.48,9.3,0,13.4,7,raisins,1.07,3,1,0,1,0,0,0
263,263,2664,0.34,6.6,300.0,36.0,91.0,0.9914,8.32,0.45,12.5,0,12.4,7,chocolate,1.71,3,1,1,0,0,0,0
264,264,2693,0.25,1.6,360.0,28.0,143.0,0.99256,8.3,0.54,10.3,0,13.4,7,chocolate,1.3,3,1,1,0,0,0,0
265,265,2698,0.32,1.2,240.0,20.0,166.0,0.99208,8.05,0.54,9.8,0,13.8,7,raisins,1.12,3,1,0,1,0,0,0
266,266,2701,0.36,16.3,380.0,43.0,133.0,0.99924,8.26,0.41,8.8,0,13.0,7,chocolate,1.36,3,1,1,0,0,0,0
267,267,2710,0.34,13.7,440.0,66.0,184.0,0.99976,8.22,0.75,8.9,0,15.6,7,chocolate,1.86,3,1,1,0,0,0,0
268,268,2718,0.29,1.1,280.0,18.0,69.0,0.9916799999999999,8.24,0.54,10.0,0,10.4,7,chocolate,1.71,3,1,1,0,0,0,0
269,269,2719,0.31,6.5,290.0,53.0,160.0,0.9927600000000001,8.03,0.38,10.9,0,15.0,7,"chocolate, oats",1.16,3,1,1,0,1,0,0
270,270,2722,0.27,5.2,300.0,32.0,101.0,0.99172,8.22,0.62,12.3,0,15.2,7,"nuts, chocolate",1.34,3,1,1,0,0,1,0
271,271,2725,0.32,16.4,450.0,62.0,153.0,0.9972,8.22,0.42,10.5,0,13.8,7,chocolate,1.26,3,1,1,0,0,0,0
272,272,2728,0.28,12.4,510.0,86.0,213.0,0.9962,8.16,0.51,9.9,0,13.0,7,raisins,1.99,3,1,0,1,0,0,0
273,273,2732,0.34,2.6,490.0,13.0,135.0,0.99335,8.09,0.51,10.0,0,15.8,7,"nuts,raisins",1.35,3,1,0,1,0,1,0
274,274,2739,0.28,4.8,340.0,25.0,100.0,0.99026,8.08,0.47,12.4,0,13.6,7,raisins,1.85,3,1,0,1,0,0,0
275,275,2740,0.19,12.3,480.0,54.0,145.0,0.9966799999999999,8.16,0.42,9.3,0,12.6,7,chocolate,1.29,3,1,1,0,0,0,0
276,276,2747,0.33,11.8,570.0,48.0,127.0,0.9969299999999999,8.1,0.55,10.0,0,14.6,7,chocolate,1.89,3,1,1,0,0,0,0
277,277,2750,0.34,1.8,450.0,96.0,170.0,0.99035,8.38,0.9,11.8,0,11.6,7,"chocolate, oats",1.08,3,1,1,0,1,0,0
278,278,2751,0.36,1.4,360.0,38.0,108.0,0.99006,8.19,0.66,12.0,0,13.6,7,"chocolate, oats",1.15,3,1,1,0,1,0,0
279,279,2752,0.3,6.6,250.0,15.0,138.0,0.99126,8.18,0.46,12.6,0,14.2,7,"nuts, chocolate",1.0,3,1,1,0,0,1,0
280,280,2756,0.34,11.8,590.0,42.0,240.0,0.99882,8.17,0.52,10.0,0,17.2,7,raisins,1.5,3,1,0,1,0,0,0
281,281,2759,0.35,5.8,550.0,25.0,144.0,0.9957600000000001,8.24,0.54,10.2,0,15.4,7,"chocolate, oats",1.44,3,1,1,0,1,0,0
282,282,2761,0.15,1.3,600.0,51.0,154.0,0.99354,8.14,0.51,8.7,0,12.0,7,chocolate,1.38,3,1,1,0,0,0,0
283,283,2763,0.34,1.2,480.0,4.0,119.0,0.9908399999999999,8.18,0.34,12.1,0,15.4,7,raisins,1.3,3,1,0,1,0,0,0
284,284,2765,0.29,10.8,280.0,17.0,118.0,0.99356,8.18,0.37,11.2,0,12.8,7,chocolate,1.64,3,1,1,0,0,0,0
285,285,2777,0.36,1.9,430.0,24.0,111.0,0.9923700000000001,8.29,0.54,11.3,0,15.2,7,chocolate,1.65,3,1,1,0,0,0,0
286,286,2781,0.6,65.8,740.0,8.0,160.0,1.03898,8.39,0.69,11.7,0,15.6,7,"raisins, oats",1.2,3,1,0,1,1,0,0
287,287,2787,0.25,20.2,830.0,35.0,157.0,0.99976,8.17,0.5,9.1,0,12.8,7,chocolate,1.09,3,1,1,0,0,0,0
288,288,2796,0.3,2.2,330.0,39.0,107.0,0.9889399999999999,8.22,0.53,13.5,0,13.0,7,raisins,1.51,3,1,0,1,0,0,0
289,289,2797,0.53,10.1,530.0,37.0,151.0,0.9963,8.07,0.4,9.4,0,13.6,7,raisins,1.21,3,1,0,1,0,0,0
290,290,2803,0.32,14.0,310.0,16.0,99.0,0.9943700000000001,8.26,0.38,11.5,0,11.0,7,"chocolate, oats",1.27,3,1,1,0,1,0,0
291,291,2805,0.26,1.6,400.0,36.0,123.0,0.9923799999999999,8.34,0.44,10.8,0,14.6,7,chocolate,1.36,3,1,1,0,0,0,0
292,292,2806,0.71,11.8,380.0,52.0,148.0,0.9980100000000001,8.03,0.46,8.9,0,15.0,7,"chocolate, oats",1.28,3,1,1,0,1,0,0
293,293,2807,0.72,9.6,390.0,53.0,151.0,0.99802,8.03,0.46,8.9,0,15.0,7,"chocolate, oats",1.96,3,1,1,0,1,0,0
294,294,2808,0.48,6.1,420.0,60.0,184.0,0.99566,8.2,0.5,9.4,0,14.0,7,chocolate,1.23,3,1,1,0,0,0,0
295,295,2809,0.31,2.7,490.0,25.0,153.0,0.99067,8.44,0.73,12.2,0,11.6,7,raisins,1.08,3,1,0,1,0,0,0
296,296,2810,0.31,3.6,250.0,22.0,100.0,0.99066,7.99,0.47,12.1,0,15.6,7,chocolate,1.12,3,1,1,0,0,0,0
297,297,2818,0.47,10.6,520.0,69.0,148.0,0.9958,7.91,0.34,9.3,0,12.0,7,"chocolate, oats",1.38,3,1,1,0,1,0,0
298,298,2821,0.46,6.2,560.0,42.0,241.0,0.9968,8.5,0.6,9.9,0,13.2,7,"nuts, chocolate",1.86,3,1,1,0,0,1,0
299,299,2830,0.34,11.6,500.0,59.0,140.0,0.99526,8.22,0.4,10.8,0,13.2,7,chocolate,1.3,3,1,1,0,0,0,0
300,300,2833,0.28,3.4,480.0,22.0,112.0,0.9918799999999999,8.21,0.37,11.3,0,14.4,7,"nuts, chocolate",1.52,3,1,1,0,0,1,0
301,301,2839,0.29,0.9,340.0,34.0,89.0,0.98936,8.14,0.36,11.1,0,11.6,7,chocolate,1.91,3,1,1,0,0,0,0
302,302,2843,0.38,1.3,460.0,24.0,90.0,0.9923200000000001,8.2,0.47,10.0,0,11.8,7,chocolate,1.1,3,1,1,0,0,0,0
303,303,2849,0.37,10.0,1690.0,22.0,210.0,0.9977600000000001,8.02,0.64,9.5,0,15.4,7,"nuts, chocolate",1.16,3,1,1,0,0,1,0
304,304,2852,0.39,1.0,410.0,37.0,154.0,0.99093,8.08,0.43,11.9,0,15.8,7,chocolate,1.04,3,1,1,0,0,0,0
305,305,2855,0.26,5.0,270.0,46.0,143.0,0.9924,8.25,0.43,11.2,0,13.8,7,raisins,1.9,3,1,0,1,0,0,0
306,306,2856,0.58,1.25,340.0,29.0,129.0,0.9898399999999999,8.51,0.6,12.0,0,11.2,7,"chocolate, oats",1.03,3,1,1,0,1,0,0
307,307,2862,0.32,1.6,280.0,12.0,90.0,0.99008,8.57,0.52,12.2,0,10.2,7,"chocolate, oats",1.93,3,1,1,0,1,0,0
308,308,2864,0.39,1.0,280.0,40.0,101.0,0.99156,8.57,0.59,10.6,0,10.6,7,"chocolate, oats",1.47,3,1,1,0,1,0,0
309,309,2871,0.38,1.7,370.0,20.0,84.0,0.99046,8.09,0.53,11.4,0,13.4,7,"chocolate, oats",1.97,3,1,1,0,1,0,0
310,310,2873,0.32,1.6,450.0,38.0,95.0,0.98946,8.23,0.94,12.4,0,11.6,7,chocolate,1.22,3,1,1,0,0,0,0
311,311,2879,0.3,1.1,290.0,24.0,88.0,0.9888299999999999,8.18,0.39,11.7,0,11.4,7,raisins,1.87,3,1,0,1,0,0,0
312,312,2889,0.36,11.1,320.0,21.0,132.0,0.99313,7.95,0.39,13.0,0,16.8,7,raisins,1.11,3,1,0,1,0,0,0
313,313,2891,0.3,4.7,410.0,40.0,148.0,0.9932,8.16,0.35,10.2,0,13.8,7,chocolate,1.9,3,1,1,0,0,0,0
314,314,2894,0.36,1.4,440.0,22.0,68.0,0.9901399999999999,8.15,0.5,11.7,0,12.8,7,"chocolate, oats",1.79,3,1,1,0,1,0,0
315,315,2897,0.46,9.7,540.0,67.0,234.0,0.9984799999999999,8.23,0.5,9.0,0,13.4,7,"nuts, chocolate",1.54,3,1,1,0,0,1,0
316,316,2898,0.28,0.8,320.0,25.0,78.0,0.9910399999999999,7.99,0.38,11.1,0,17.2,7,"chocolate, oats",1.2,3,1,1,0,1,0,0
317,317,2905,0.26,1.7,730.0,40.0,157.0,0.9938,8.1,0.46,9.8,0,15.2,7,raisins,1.41,3,1,0,1,0,0,0
318,318,2907,0.25,1.1,350.0,26.0,81.0,0.9902,8.31,0.52,11.4,0,11.4,7,chocolate,1.84,3,1,1,0,0,0,0
319,319,2912,0.32,2.2,280.0,36.0,92.0,0.9907600000000001,8.27,0.59,11.9,0,13.0,7,chocolate,1.03,3,1,1,0,0,0,0
320,320,2913,0.3,1.2,460.0,49.0,199.0,0.99413,8.03,0.38,9.3,0,15.4,7,"chocolate, oats",1.88,3,1,1,0,1,0,0
321,321,2914,0.38,1.0,410.0,22.0,81.0,0.9904299999999999,8.03,0.54,11.4,0,13.8,7,"chocolate, oats",1.37,3,1,1,0,1,0,0
322,322,2915,0.38,1.0,410.0,22.0,81.0,0.9904299999999999,8.03,0.54,11.4,0,13.8,7,"chocolate, oats",1.12,3,1,1,0,1,0,0
323,323,2918,0.28,2.2,190.0,15.0,65.0,0.9902,8.06,0.52,11.2,0,11.4,7,chocolate,1.51,3,1,1,0,0,0,0
324,324,2920,0.4,11.9,320.0,13.0,92.0,0.99629,8.01,0.46,10.8,0,14.8,7,chocolate,1.31,3,1,1,0,0,0,0
325,325,2925,0.3,7.8,380.0,67.0,196.0,0.99555,8.1,0.5,10.1,0,15.4,7,chocolate,1.17,3,1,1,0,0,0,0
326,326,2930,0.4,1.3,410.0,81.0,147.0,0.9901,8.22,0.95,11.6,0,11.2,7,chocolate,1.86,3,1,1,0,0,0,0
327,327,2939,0.29,10.3,390.0,41.0,98.0,0.99564,8.19,0.38,9.8,0,14.0,7,"chocolate, oats",1.22,3,1,1,0,1,0,0
328,328,2941,0.3,8.7,220.0,14.0,111.0,0.9957600000000001,8.11,0.61,10.6,0,14.4,7,raisins,1.48,3,1,0,1,0,0,0
329,329,2960,0.34,14.05,400.0,41.0,114.0,0.99634,8.07,0.59,11.0,0,15.4,7,"chocolate, oats",1.35,3,1,1,0,1,0,0
330,330,2962,0.38,13.1,1120.0,14.0,94.0,0.99792,8.02,0.48,9.2,0,13.8,7,raisins,1.8,3,1,0,1,0,0,0
331,331,2976,0.39,9.6,260.0,34.0,124.0,0.9928600000000001,8.18,0.35,12.1,0,13.6,7,raisins,1.17,3,1,0,1,0,0,0
332,332,2981,0.28,11.1,330.0,30.0,97.0,0.9950700000000001,8.03,0.39,10.5,0,17.0,7,chocolate,1.68,3,1,1,0,0,0,0
333,333,2984,0.3,10.55,370.0,4.0,28.0,0.9918399999999999,8.07,0.32,12.7,0,13.8,7,raisins,1.26,3,1,0,1,0,0,0
334,334,2996,0.36,0.8,340.0,32.0,111.0,0.9894200000000001,8.11,0.5,12.1,0,13.0,7,raisins,1.87,3,1,0,1,0,0,0
335,335,3001,0.27,10.9,380.0,29.0,130.0,0.9949600000000001,8.11,0.44,10.5,0,13.2,7,chocolate,1.81,3,1,1,0,0,0,0
336,336,3004,0.36,1.2,340.0,26.0,111.0,0.99074,8.16,0.51,11.0,0,12.6,7,"chocolate, oats",1.28,3,1,1,0,1,0,0
337,337,3006,0.32,1.1,360.0,74.0,184.0,0.9909600000000001,8.22,0.41,11.0,0,12.4,7,"chocolate, oats",1.71,3,1,1,0,1,0,0
338,338,3007,0.32,4.5,320.0,58.0,178.0,0.98956,8.45,0.31,12.6,0,10.0,7,chocolate,1.47,3,1,1,0,0,0,0
339,339,3015,0.3,8.25,200.0,14.0,104.0,0.9936200000000001,7.99,0.44,11.4,0,14.4,7,raisins,1.57,3,1,0,1,0,0,0
340,340,3020,0.35,11.7,290.0,3.0,46.0,0.99439,8.02,0.34,11.8,0,16.8,7,raisins,1.27,3,1,0,1,0,0,0
341,341,3021,0.29,4.6,460.0,6.0,88.0,0.9945799999999999,8.34,0.48,10.6,0,13.6,7,chocolate,1.78,3,1,1,0,0,0,0
342,342,3027,0.22,11.7,350.0,44.0,150.0,0.9957799999999999,8.1,0.45,10.4,0,14.8,7,raisins,1.97,3,1,0,1,0,0,0
343,343,3029,0.29,14.8,240.0,22.0,142.0,0.99518,8.12,0.48,12.0,0,14.2,7,"nuts, chocolate",1.66,3,1,1,0,0,1,0
344,344,3030,0.29,14.8,240.0,22.0,142.0,0.99518,8.12,0.48,12.0,0,14.2,7,"nuts, chocolate",1.76,3,1,1,0,0,1,0
345,345,3036,0.34,3.5,540.0,26.0,189.0,0.9948899999999999,8.42,0.58,10.4,0,13.6,7,chocolate,1.03,3,1,1,0,0,0,0
346,346,3038,0.45,2.1,270.0,43.0,104.0,0.99054,8.02,0.52,11.3,0,13.0,7,chocolate,1.97,3,1,1,0,0,0,0
347,347,3039,0.29,12.2,440.0,59.0,196.0,0.99782,8.14,0.4,8.8,0,12.6,7,chocolate,1.1,3,1,1,0,0,0,0
348,348,3041,0.41,16.8,370.0,58.0,173.0,0.99882,8.25,0.57,9.4,0,12.4,7,raisins,1.84,3,1,0,1,0,0,0
349,349,3043,1.0,1.1,1540.0,46.0,114.0,0.9931,7.95,0.43,9.2,0,14.4,7,chocolate,1.62,3,1,1,0,0,0,0
350,350,3052,0.66,10.2,430.0,78.0,175.0,0.9945,7.98,0.43,10.4,0,11.2,7,chocolate,1.58,3,1,1,0,0,0,0
351,351,3061,0.54,7.0,460.0,58.0,176.0,0.99454,8.19,0.7,10.4,0,12.4,7,chocolate,1.35,3,1,1,0,0,0,0
352,352,3069,0.43,6.1,290.0,6.0,76.0,0.99118,8.08,0.5,12.5,0,14.0,7,"nuts,raisins",1.29,3,1,0,1,0,1,0
353,353,3075,0.4,1.5,420.0,23.0,87.0,0.98972,8.11,0.46,12.2,0,12.8,7,"chocolate, oats",1.55,3,1,1,0,1,0,0
354,354,3079,0.34,4.9,320.0,9.0,125.0,0.9925299999999999,8.32,0.81,12.0,0,13.2,7,raisins,1.5,3,1,0,1,0,0,0
355,355,3081,0.54,7.0,460.0,58.0,176.0,0.99454,8.19,0.7,10.4,0,12.4,7,chocolate,1.96,3,1,1,0,0,0,0
356,356,3085,0.4,9.9,360.0,24.0,88.0,0.9951,8.02,0.42,10.5,0,17.0,7,chocolate,1.98,3,1,1,0,0,0,0
357,357,3087,0.34,9.5,410.0,38.0,201.0,0.995,8.14,0.44,10.1,0,12.2,7,chocolate,1.51,3,1,1,0,0,0,0
358,358,3088,0.37,1.5,240.0,12.0,76.0,0.9887600000000001,7.94,0.39,12.3,0,12.6,7,raisins,1.24,3,1,0,1,0,0,0
359,359,3090,0.35,2.6,300.0,33.0,78.0,0.99146,8.22,0.72,11.3,0,13.2,7,"chocolate, oats",1.45,3,1,1,0,1,0,0
360,360,3092,0.52,3.2,430.0,28.0,152.0,0.99129,8.02,0.53,11.4,0,15.2,7,chocolate,1.16,3,1,1,0,0,0,0
361,361,3093,0.45,2.3,450.0,40.0,118.0,0.99064,8.16,0.48,11.9,0,14.0,7,chocolate,1.6,3,1,1,0,0,0,0
362,362,3095,0.49,4.9,320.0,3.0,18.0,0.9936799999999999,7.85,0.54,10.0,0,19.4,7,chocolate,1.64,3,1,1,0,0,0,0
363,363,3101,0.34,10.9,380.0,25.0,84.0,0.9943200000000001,8.11,0.34,10.9,0,14.0,7,chocolate,1.99,3,1,1,0,0,0,0
364,364,3103,0.45,2.3,450.0,40.0,118.0,0.99064,8.16,0.48,11.9,0,14.0,7,chocolate,1.83,3,1,1,0,0,0,0
365,365,3104,0.49,2.5,470.0,20.0,130.0,0.9917799999999999,8.15,0.48,11.1,0,15.2,7,chocolate,1.52,3,1,1,0,0,0,0
366,366,3109,0.36,4.5,540.0,31.0,203.0,0.99513,8.4,0.57,10.4,0,13.8,7,raisins,1.12,3,1,0,1,0,0,0
367,367,3121,0.34,1.6,430.0,24.0,129.0,0.99305,8.12,0.7,10.4,0,15.2,7,chocolate,2.0,3,1,1,0,0,0,0
368,368,3123,0.22,5.5,370.0,10.0,86.0,0.99156,8.46,0.44,12.2,0,11.0,7,"chocolate, oats",1.61,3,1,1,0,1,0,0
369,369,3127,0.38,2.1,430.0,10.0,98.0,0.9929600000000001,8.17,0.65,11.0,0,15.2,7,raisins,1.05,3,1,0,1,0,0,0
370,370,3129,0.38,1.5,390.0,37.0,122.0,0.98972,8.2,0.43,12.0,0,12.2,7,chocolate,1.57,3,1,1,0,0,0,0
371,371,3130,0.38,2.5,470.0,30.0,148.0,0.98964,8.17,0.43,12.7,0,13.0,7,raisins,1.06,3,1,0,1,0,0,0
372,372,3136,0.27,0.9,400.0,52.0,103.0,0.99026,8.5,0.39,11.2,0,11.2,7,"chocolate, oats",1.01,3,1,1,0,1,0,0
373,373,3138,0.43,6.4,420.0,34.0,115.0,0.99293,8.05,0.51,10.8,0,13.8,7,chocolate,1.5,3,1,1,0,0,0,0
374,374,3140,0.39,11.9,570.0,51.0,221.0,0.99851,8.26,0.51,8.9,0,13.2,7,raisins,1.48,3,1,0,1,0,0,0
375,375,3150,0.47,7.5,270.0,12.0,88.0,0.9907,8.38,0.45,14.0,0,11.6,7,raisins,1.84,3,1,0,1,0,0,0
376,376,3151,0.36,17.2,390.0,37.0,130.0,0.99946,8.23,0.43,8.8,0,12.4,7,chocolate,1.99,3,1,1,0,0,0,0
377,377,3155,0.34,7.4,200.0,38.0,133.0,0.9921200000000001,8.18,0.44,12.0,0,13.6,7,raisins,1.41,3,1,0,1,0,0,0
378,378,3158,0.37,4.8,190.0,39.0,114.0,0.99036,8.08,0.49,12.7,0,14.2,7,raisins,1.07,3,1,0,1,0,0,0
379,379,3174,0.35,8.6,380.0,37.0,125.0,0.9916,8.0,0.32,12.4,0,13.8,7,raisins,1.69,3,1,0,1,0,0,0
380,380,3184,0.41,1.0,400.0,17.0,76.0,0.98988,8.14,0.56,11.4,0,12.4,7,"chocolate, oats",1.24,3,1,1,0,1,0,0
381,381,3188,0.36,6.4,550.0,42.0,123.0,0.99318,8.11,0.5,11.0,0,14.0,7,"chocolate, oats",1.93,3,1,1,0,1,0,0
382,382,3193,0.33,1.0,380.0,23.0,131.0,0.99164,8.25,0.45,9.8,0,11.0,7,"chocolate, oats",1.35,3,1,1,0,1,0,0
383,383,3208,0.24,1.6,450.0,39.0,164.0,0.9940200000000001,8.53,0.58,10.8,0,13.6,7,chocolate,1.78,3,1,1,0,0,0,0
384,384,3214,0.2,1.7,330.0,17.0,74.0,0.9900200000000001,8.34,0.48,12.3,0,10.4,7,raisins,1.65,3,1,0,1,0,0,0
385,385,3224,0.28,3.7,450.0,57.0,151.0,0.9913,8.22,0.27,11.2,0,11.4,7,"chocolate, oats",1.24,3,1,1,0,1,0,0
386,386,3226,0.3,2.5,460.0,38.0,125.0,0.9927600000000001,8.34,0.5,9.9,0,11.4,7,chocolate,1.21,3,1,1,0,0,0,0
387,387,3236,0.39,6.0,350.0,44.0,141.0,0.9912299999999999,8.11,0.33,12.5,0,13.8,7,chocolate,1.7,3,1,1,0,0,0,0
388,388,3243,0.24,3.3,340.0,29.0,99.0,0.99031,8.1,0.4,12.3,0,13.2,7,raisins,1.71,3,1,0,1,0,0,0
389,389,3245,0.29,2.5,590.0,37.0,115.0,0.9932799999999999,8.09,0.37,9.8,0,15.2,7,chocolate,1.8,3,1,1,0,0,0,0
390,390,3248,0.37,4.5,390.0,41.0,147.0,0.9921,8.18,0.4,11.1,0,12.8,7,chocolate,1.06,3,1,1,0,0,0,0
391,391,3255,0.31,14.5,450.0,39.0,193.0,0.9986,8.1,0.5,9.2,0,14.8,7,"chocolate, oats",1.99,3,1,1,0,1,0,0
392,392,3256,0.31,14.5,450.0,39.0,193.0,0.9986,8.1,0.5,9.2,0,14.8,7,"chocolate, oats",1.22,3,1,1,0,1,0,0
393,393,3263,0.31,3.6,300.0,36.0,92.0,0.99026,8.22,0.62,12.6,0,13.0,7,chocolate,1.74,3,1,1,0,0,0,0
394,394,3266,0.32,10.5,300.0,34.0,105.0,0.9940700000000001,8.11,0.42,11.8,0,16.2,7,chocolate,1.78,3,1,1,0,0,0,0
395,395,3274,0.31,1.4,390.0,40.0,129.0,0.99193,8.45,0.59,10.9,0,12.2,7,chocolate,1.12,3,1,1,0,0,0,0
396,396,3275,0.02,0.9,430.0,32.0,99.0,0.99226,8.14,0.47,9.8,0,13.0,7,"nuts, chocolate",1.61,3,1,1,0,0,1,0
397,397,3278,0.36,9.2,610.0,42.0,214.0,0.9976,8.31,0.56,9.4,0,13.2,7,raisins,1.07,3,1,0,1,0,0,0
398,398,3280,0.29,1.8,440.0,21.0,115.0,0.99166,8.1,0.38,10.2,0,12.8,7,"chocolate, oats",1.01,3,1,1,0,1,0,0
399,399,3281,0.3,2.3,510.0,20.0,127.0,0.98964,8.13,0.52,12.8,0,13.0,7,raisins,1.93,3,1,0,1,0,0,0
400,400,3284,0.25,6.4,350.0,38.0,103.0,0.9914799999999999,7.91,0.23,12.2,0,16.0,7,raisins,1.78,3,1,0,1,0,0,0
401,401,3290,0.37,1.0,430.0,10.0,80.0,0.9912799999999999,8.08,0.38,11.4,0,15.6,7,chocolate,1.59,3,1,1,0,0,0,0
402,402,3298,0.35,2.3,390.0,43.0,109.0,0.99056,8.34,0.44,11.8,0,12.6,7,chocolate,1.5,3,1,1,0,0,0,0
403,403,3299,0.32,8.7,290.0,31.0,105.0,0.99146,8.0,0.34,12.3,0,13.6,7,raisins,1.93,3,1,0,1,0,0,0
404,404,3306,0.3,1.9,330.0,41.0,142.0,0.9891200000000001,8.29,0.42,12.8,0,12.0,7,raisins,1.71,3,1,0,1,0,0,0
405,405,3316,0.37,1.1,360.0,31.0,96.0,0.9894200000000001,8.16,0.48,12.0,0,11.6,7,"chocolate, oats",1.3,3,1,1,0,1,0,0
406,406,3343,0.28,13.55,480.0,51.0,189.0,0.99782,8.0,0.6,9.5,0,13.8,7,raisins,1.09,3,1,0,1,0,0,0
407,407,3348,0.28,15.2,460.0,6.0,41.0,0.99665,8.17,0.39,10.9,0,14.4,7,chocolate,1.72,3,1,1,0,0,0,0
408,408,3351,0.28,1.1,340.0,47.0,90.0,0.98862,8.22,0.38,12.6,0,12.0,7,chocolate,1.01,3,1,1,0,0,0,0
409,409,3360,0.49,1.3,330.0,12.0,72.0,0.99072,8.05,0.53,11.3,0,14.2,7,"chocolate, oats",1.1,3,1,1,0,1,0,0
410,410,3369,0.28,10.6,390.0,32.0,117.0,0.99355,8.05,0.55,11.5,0,14.0,7,chocolate,1.95,3,1,1,0,0,0,0
411,411,3383,0.32,4.9,460.0,50.0,156.0,0.99316,8.38,0.55,11.2,0,12.8,7,chocolate,1.97,3,1,1,0,0,0,0
412,412,3398,0.32,7.8,520.0,52.0,183.0,0.9965700000000001,8.39,0.65,9.5,0,12.2,7,raisins,1.52,3,1,0,1,0,0,0
413,413,3399,0.33,7.4,370.0,25.0,95.0,0.9926799999999999,8.25,0.49,11.1,0,11.2,7,raisins,1.99,3,1,0,1,0,0,0
414,414,3407,0.32,7.8,520.0,52.0,183.0,0.9965700000000001,8.39,0.65,9.5,0,12.2,7,raisins,1.97,3,1,0,1,0,0,0
415,415,3416,0.4,11.6,320.0,34.0,214.0,0.9963,8.1,0.51,9.8,0,14.4,7,raisins,1.9,3,1,0,1,0,0,0
416,416,3419,0.3,2.1,310.0,50.0,163.0,0.9895,8.39,0.43,12.7,0,12.2,7,raisins,1.28,3,1,0,1,0,0,0
417,417,3420,0.49,20.15,600.0,30.0,145.0,1.00196,8.01,0.44,8.5,0,15.2,7,chocolate,1.78,3,1,1,0,0,0,0
418,418,3427,0.26,10.05,390.0,63.0,162.0,0.99375,8.33,0.5,11.2,0,11.6,7,chocolate,1.42,3,1,1,0,0,0,0
419,419,3433,0.27,1.3,370.0,30.0,86.0,0.98834,8.05,0.59,12.9,0,12.4,7,chocolate,1.18,3,1,1,0,0,0,0
420,420,3435,0.28,1.1,340.0,26.0,83.0,0.9892799999999999,8.25,0.33,12.3,0,13.0,7,chocolate,1.63,3,1,1,0,0,0,0
421,421,3442,0.27,5.0,350.0,14.0,97.0,0.9905799999999999,8.1,0.33,11.8,0,11.8,7,chocolate,1.15,3,1,1,0,0,0,0
422,422,3449,0.32,6.0,330.0,59.0,128.0,0.99192,8.19,0.71,12.1,0,13.2,7,"chocolate, oats",1.25,3,1,1,0,1,0,0
423,423,3453,0.3,6.9,380.0,23.0,89.0,0.99266,8.25,0.49,11.1,0,11.2,7,raisins,1.32,3,1,0,1,0,0,0
424,424,3465,0.34,1.9,400.0,41.0,108.0,0.99,8.25,0.45,12.9,0,13.6,7,"chocolate, oats",1.43,3,1,1,0,1,0,0
425,425,3467,0.27,10.3,470.0,54.0,219.0,0.9974200000000001,8.04,0.45,8.8,0,13.2,7,chocolate,1.77,3,1,1,0,0,0,0
426,426,3468,0.36,1.1,310.0,27.0,93.0,0.9888399999999999,8.23,0.34,13.2,0,13.2,7,"chocolate, oats",1.68,3,1,1,0,1,0,0
427,427,3469,0.28,12.0,560.0,68.0,143.0,0.9983,7.99,0.3,9.2,0,15.2,7,chocolate,1.74,3,1,1,0,0,0,0
428,428,3474,0.19,1.1,640.0,36.0,191.0,0.99297,8.05,0.5,9.5,0,13.0,7,chocolate,1.36,3,1,1,0,0,0,0
429,429,3477,0.24,1.8,370.0,39.0,150.0,0.9913,8.05,0.44,11.8,0,15.2,7,raisins,1.37,3,1,0,1,0,0,0
430,430,3479,0.28,4.7,390.0,34.0,94.0,0.98964,8.22,0.57,13.1,0,11.8,7,raisins,1.45,3,1,0,1,0,0,0
431,431,3489,0.31,7.4,410.0,7.0,81.0,0.99254,8.04,0.47,11.4,0,13.4,7,chocolate,1.09,3,1,1,0,0,0,0
432,432,3491,0.44,1.0,570.0,24.0,111.0,0.9915799999999999,8.09,0.32,11.2,0,16.0,7,chocolate,1.21,3,1,1,0,0,0,0
433,433,3494,0.36,8.4,420.0,42.0,123.0,0.9947299999999999,8.34,0.52,10.9,0,13.4,7,chocolate,1.37,3,1,1,0,0,0,0
434,434,3499,0.3,3.0,360.0,30.0,124.0,0.9892200000000001,8.31,0.4,13.1,0,12.2,7,raisins,1.1,3,1,0,1,0,0,0
435,435,3502,0.45,14.3,540.0,30.0,181.0,0.99869,8.14,0.57,9.1,0,13.4,7,chocolate,1.79,3,1,1,0,0,0,0
436,436,3504,0.34,1.4,290.0,29.0,133.0,0.99108,8.33,0.64,11.5,0,13.0,7,"chocolate, oats",1.9,3,1,1,0,1,0,0
437,437,3506,0.28,4.9,420.0,21.0,155.0,0.99385,8.36,0.57,10.9,0,15.0,7,raisins,1.59,3,1,0,1,0,0,0
438,438,3507,0.28,2.4,360.0,35.0,115.0,0.98936,8.19,0.44,13.5,0,14.2,7,raisins,1.17,3,1,0,1,0,0,0
439,439,3509,0.25,10.7,460.0,66.0,179.0,0.9960600000000001,8.17,0.55,9.9,0,12.8,7,chocolate,1.84,3,1,1,0,0,0,0
440,440,3510,0.24,11.0,410.0,75.0,167.0,0.99508,7.98,0.56,10.5,0,14.0,7,chocolate,1.62,3,1,1,0,0,0,0
441,441,3519,0.62,7.5,380.0,46.0,132.0,0.9914299999999999,8.23,0.43,13.4,0,13.8,7,raisins,1.54,3,1,0,1,0,0,0
442,442,3524,0.27,6.3,280.0,40.0,132.0,0.9918600000000001,8.37,0.4,11.6,0,10.6,7,raisins,1.61,3,1,0,1,0,0,0
443,443,3525,0.27,6.3,280.0,40.0,132.0,0.9918600000000001,8.37,0.4,11.6,0,10.6,7,raisins,1.89,3,1,0,1,0,0,0
444,444,3527,0.29,8.6,530.0,65.0,146.0,0.9963,8.11,0.32,9.8,0,15.2,7,chocolate,1.61,3,1,1,0,0,0,0
445,445,3529,0.27,3.1,340.0,28.0,134.0,0.9897,8.26,0.38,13.1,0,14.2,7,raisins,1.03,3,1,0,1,0,0,0
446,446,3532,0.46,6.4,360.0,17.0,85.0,0.99279,8.1,0.78,11.7,0,14.4,7,chocolate,1.15,3,1,1,0,0,0,0
447,447,3534,0.35,7.2,460.0,45.0,178.0,0.9955,8.14,0.53,9.7,0,14.4,7,raisins,1.47,3,1,0,1,0,0,0
448,448,3539,0.31,1.2,310.0,27.0,80.0,0.98892,8.03,0.33,12.7,0,14.4,7,chocolate,1.28,3,1,1,0,0,0,0
449,449,3540,0.25,3.4,240.0,27.0,99.0,0.98959,7.98,0.37,13.0,0,15.6,7,chocolate,1.71,3,1,1,0,0,0,0
450,450,3544,0.2,1.8,310.0,49.0,159.0,0.9919,8.41,0.53,11.0,0,12.0,7,raisins,1.47,3,1,0,1,0,0,0
451,451,3547,0.29,19.9,390.0,69.0,237.0,1.00037,8.1,0.48,9.2,0,14.6,7,chocolate,1.28,3,1,1,0,0,0,0
452,452,3551,0.22,16.65,440.0,39.0,110.0,0.99855,8.24,0.48,9.0,0,11.4,7,chocolate,1.79,3,1,1,0,0,0,0
453,453,3557,0.28,0.9,230.0,49.0,87.0,0.9906200000000001,7.92,0.36,11.1,0,16.2,7,chocolate,1.44,3,1,1,0,0,0,0
454,454,3566,0.28,4.2,290.0,7.0,112.0,0.9906,8.0,0.41,12.6,0,15.2,7,raisins,1.25,3,1,0,1,0,0,0
455,455,3569,0.27,9.7,360.0,15.0,85.0,0.99406,7.99,0.36,11.2,0,16.0,7,chocolate,1.32,3,1,1,0,0,0,0
456,456,3572,0.28,4.2,290.0,7.0,112.0,0.9906,8.0,0.41,12.6,0,15.2,7,raisins,1.34,3,1,0,1,0,0,0
457,457,3576,0.36,14.6,480.0,35.0,161.0,0.9968,8.14,0.56,10.6,0,14.8,7,chocolate,1.59,3,1,1,0,0,0,0
458,458,3587,0.71,17.5,420.0,21.0,114.0,0.99784,7.85,0.5,9.5,0,13.6,7,"chocolate, oats",1.64,3,1,1,0,1,0,0
459,459,3589,0.71,17.5,420.0,21.0,114.0,0.99784,7.85,0.5,9.5,0,13.6,7,"chocolate, oats",1.44,3,1,1,0,1,0,0
460,460,3593,0.28,4.2,440.0,52.0,158.0,0.992,8.35,0.44,10.7,0,11.2,7,chocolate,1.53,3,1,1,0,0,0,0
461,461,3596,0.28,1.1,340.0,55.0,108.0,0.98939,8.0,0.52,11.9,0,13.2,7,"chocolate, oats",1.23,3,1,1,0,1,0,0
462,462,3598,0.24,1.4,330.0,65.0,169.0,0.9904299999999999,8.59,0.56,12.3,0,11.6,7,chocolate,1.09,3,1,1,0,0,0,0
463,463,3612,0.18,1.8,460.0,31.0,114.0,0.99226,8.27,0.55,10.8,0,13.6,7,"chocolate, oats",1.38,3,1,1,0,1,0,0
464,464,3615,0.3,1.2,370.0,11.0,95.0,0.9891399999999999,7.96,0.36,12.5,0,14.4,7,chocolate,1.37,3,1,1,0,0,0,0
465,465,3619,0.28,26.05,310.0,27.0,122.0,1.00295,8.06,0.42,10.6,0,13.6,7,"nuts, chocolate",1.43,3,1,1,0,0,1,0
466,466,3620,0.26,4.7,400.0,108.0,168.0,0.9927799999999999,8.07,0.75,10.7,0,12.6,7,chocolate,1.78,3,1,1,0,0,0,0
467,467,3623,0.28,26.05,310.0,27.0,122.0,1.00295,8.06,0.42,10.6,0,13.6,7,"nuts, chocolate",1.53,3,1,1,0,0,1,0
468,468,3626,0.33,0.9,410.0,20.0,117.0,0.9904799999999999,8.21,0.5,11.4,0,14.0,7,chocolate,1.8,3,1,1,0,0,0,0
469,469,3629,0.2,5.7,1180.0,61.0,172.0,0.9946,8.24,0.43,9.5,0,12.8,7,raisins,1.59,3,1,0,1,0,0,0
470,470,3638,0.32,2.4,140.0,34.0,89.0,0.99008,8.24,0.66,12.5,0,12.8,7,chocolate,1.8,3,1,1,0,0,0,0
471,471,3643,0.33,4.9,470.0,42.0,130.0,0.9928299999999999,8.12,0.56,11.0,0,13.6,7,"chocolate, oats",1.84,3,1,1,0,1,0,0
472,472,3665,0.16,2.7,360.0,34.0,128.0,0.98856,8.2,0.53,13.2,0,10.8,7,"nuts,raisins",1.3,3,1,0,1,0,1,0
473,473,3668,0.26,11.0,300.0,2.0,82.0,0.9940200000000001,8.07,0.36,11.2,0,13.0,7,chocolate,1.01,3,1,1,0,0,0,0
474,474,3678,0.25,18.8,850.0,19.0,111.0,1.00044,8.1,0.51,8.7,0,14.4,7,chocolate,1.53,3,1,1,0,0,0,0
475,475,3679,0.27,9.6,370.0,19.0,105.0,0.99444,8.04,0.37,10.5,0,14.2,7,chocolate,1.56,3,1,1,0,0,0,0
476,476,3685,0.41,12.9,440.0,79.5,183.0,0.9974200000000001,8.24,0.78,10.2,0,13.6,7,"chocolate, oats",1.28,3,1,1,0,1,0,0
477,477,3686,0.37,1.6,870.0,27.0,177.0,0.9943799999999999,8.09,0.5,9.8,0,15.2,7,raisins,1.37,3,1,0,1,0,0,0
478,478,3687,0.27,12.0,300.0,39.0,98.0,0.9940200000000001,8.15,0.34,10.8,0,12.0,7,"chocolate, oats",1.33,3,1,1,0,1,0,0
479,479,3688,0.35,2.5,400.0,41.0,186.0,0.9912799999999999,8.32,0.56,12.5,0,14.2,7,chocolate,1.05,3,1,1,0,0,0,0
480,480,3690,0.24,4.4,270.0,37.0,150.0,0.991,8.3,0.31,11.5,0,11.2,7,chocolate,1.22,3,1,1,0,0,0,0
481,481,3698,0.34,1.2,360.0,32.0,96.0,0.98961,8.06,0.74,11.6,0,12.6,7,chocolate,1.92,3,1,1,0,0,0,0
482,482,3700,0.27,1.5,760.0,24.0,145.0,0.99344,8.1,0.52,10.1,0,14.0,7,raisins,1.75,3,1,0,1,0,0,0
483,483,3713,0.23,10.4,490.0,45.0,190.0,0.99754,8.12,0.51,8.8,0,13.2,7,chocolate,1.28,3,1,1,0,0,0,0
484,484,3719,0.45,8.0,380.0,54.0,200.0,0.9956,8.18,0.48,9.5,0,13.2,7,raisins,1.24,3,1,0,1,0,0,0
485,485,3727,0.28,6.9,360.0,46.0,150.0,0.9929899999999999,8.36,0.44,10.8,0,11.4,7,chocolate,1.13,3,1,1,0,0,0,0
486,486,3731,0.26,10.3,410.0,51.0,166.0,0.99382,8.08,0.35,11.6,0,14.0,7,raisins,1.89,3,1,0,1,0,0,0
487,487,3738,0.18,1.4,340.0,18.0,135.0,0.99174,8.32,0.35,10.2,0,11.2,7,chocolate,1.29,3,1,1,0,0,0,0
488,488,3743,0.28,14.7,510.0,29.0,149.0,0.99792,7.96,0.39,9.0,0,14.0,7,"chocolate, oats",1.85,3,1,1,0,1,0,0
489,489,3746,0.28,1.8,400.0,45.0,121.0,0.9904299999999999,8.02,0.4,11.9,0,14.8,7,chocolate,1.38,3,1,1,0,0,0,0
490,490,3748,0.25,12.5,550.0,47.0,134.0,0.9975799999999999,8.3,0.51,9.0,0,12.4,7,chocolate,1.56,3,1,1,0,0,0,0
491,491,3755,0.32,7.4,150.0,47.0,124.0,0.9927799999999999,7.99,0.39,11.0,0,15.6,7,"chocolate, oats",1.72,3,1,1,0,1,0,0
492,492,3762,0.35,6.1,250.0,10.0,40.0,0.99244,7.79,0.52,10.9,0,14.8,7,chocolate,1.54,3,1,1,0,0,0,0
493,493,3764,0.15,2.1,260.0,29.0,130.0,0.9895299999999999,8.39,0.77,13.4,0,10.8,7,"nuts, chocolate",1.27,3,1,1,0,0,1,0
494,494,3771,0.28,9.8,420.0,61.0,125.0,0.9953200000000001,8.14,0.42,10.2,0,12.2,7,chocolate,1.83,3,1,1,0,0,0,0
495,495,3777,0.28,6.1,180.0,41.0,103.0,0.9912200000000001,8.24,0.32,12.2,0,13.0,7,raisins,1.75,3,1,0,1,0,0,0
496,496,3778,0.3,1.4,220.0,38.0,100.0,0.9909899999999999,8.42,0.57,11.4,0,12.6,7,"chocolate, oats",1.76,3,1,1,0,1,0,0
497,497,3782,0.3,9.2,180.0,23.0,96.0,0.9938,8.08,0.29,11.0,0,15.2,7,chocolate,1.38,3,1,1,0,0,0,0
498,498,3789,0.52,8.2,470.0,52.0,191.0,0.99541,8.16,0.47,9.5,0,13.2,7,chocolate,1.45,3,1,1,0,0,0,0
499,499,3791,0.5,8.0,510.0,46.0,197.0,0.99536,8.18,0.47,9.5,0,13.0,7,chocolate,1.97,3,1,1,0,0,0,0
500,500,3804,0.3,1.3,360.0,7.0,49.0,0.9924200000000001,7.99,0.73,10.3,0,16.2,7,chocolate,1.21,3,1,1,0,0,0,0
501,501,3806,0.21,10.7,980.0,13.0,91.0,0.9965700000000001,8.03,0.47,9.3,0,14.0,7,raisins,1.95,3,1,0,1,0,0,0
502,502,3812,0.39,2.0,570.0,21.0,138.0,0.9917600000000001,8.05,0.52,10.9,0,15.8,7,chocolate,1.34,3,1,1,0,0,0,0
503,503,3813,0.28,2.2,420.0,21.0,177.0,0.99166,8.2,0.57,11.4,0,14.0,7,raisins,1.79,3,1,0,1,0,0,0
504,504,3815,0.32,8.8,420.0,18.0,106.0,0.99172,8.28,0.33,12.9,0,12.6,7,"nuts, chocolate",1.19,3,1,1,0,0,1,0
505,505,3816,0.3,8.8,450.0,28.0,131.0,0.9953,8.12,0.59,9.9,0,13.6,7,"nuts, chocolate",1.52,3,1,1,0,0,1,0
506,506,3820,0.2,3.7,390.0,34.0,132.0,0.9915799999999999,8.0,0.38,10.7,0,12.6,7,raisins,1.87,3,1,0,1,0,0,0
507,507,3850,0.32,9.0,230.0,20.0,109.0,0.9926200000000001,8.34,0.35,12.6,0,13.4,7,chocolate,1.7,3,1,1,0,0,0,0
508,508,3851,0.29,3.1,300.0,32.0,123.0,0.98913,8.41,0.33,13.7,0,11.8,7,"chocolate, oats",1.03,3,1,1,0,1,0,0
509,509,3853,0.26,4.6,310.0,26.0,120.0,0.99198,8.4,0.73,12.5,0,13.2,7,raisins,1.25,3,1,0,1,0,0,0
510,510,3857,0.27,2.7,490.0,28.0,104.0,0.99224,8.46,0.55,10.3,0,10.8,7,"chocolate, oats",1.57,3,1,1,0,1,0,0
511,511,3865,0.38,4.8,400.0,41.0,101.0,0.9896799999999999,8.24,0.56,13.1,0,12.0,7,raisins,1.28,3,1,0,1,0,0,0
512,512,3868,0.25,11.1,560.0,112.0,177.0,0.9961,8.08,0.36,9.4,0,12.0,7,chocolate,1.68,3,1,1,0,0,0,0
513,513,3878,0.31,10.2,690.0,58.0,170.0,0.99692,8.18,0.49,9.4,0,13.0,7,raisins,1.64,3,1,0,1,0,0,0
514,514,3883,0.31,7.4,450.0,34.0,143.0,0.99226,8.06,0.55,12.2,0,13.6,7,raisins,1.12,3,1,0,1,0,0,0
515,515,3888,0.24,17.8,470.0,42.0,111.0,0.9989600000000001,8.1,0.45,8.9,0,12.0,7,chocolate,1.47,3,1,1,0,0,0,0
516,516,3889,0.26,12.1,460.0,43.0,127.0,0.9951,8.16,0.37,10.8,0,12.4,7,chocolate,1.66,3,1,1,0,0,0,0
517,517,3890,0.26,8.2,430.0,28.0,98.0,0.99234,7.99,0.31,11.4,0,12.8,7,raisins,1.19,3,1,0,1,0,0,0
518,518,3891,0.37,1.5,490.0,28.0,129.0,0.99226,8.15,0.52,10.8,0,14.2,7,chocolate,1.13,3,1,1,0,0,0,0
519,519,3894,0.16,6.4,310.0,21.0,134.0,0.99151,8.24,0.46,12.2,0,11.8,7,"nuts, chocolate",1.02,3,1,1,0,0,1,0
520,520,3896,0.29,7.7,380.0,40.0,179.0,0.99479,8.23,0.56,10.4,0,13.4,7,chocolate,1.94,3,1,1,0,0,0,0
521,521,3897,0.3,12.3,350.0,72.0,172.0,0.9954,7.99,0.57,10.4,0,14.0,7,chocolate,1.71,3,1,1,0,0,0,0
522,522,3901,0.12,1.1,130.0,4.0,10.0,0.99246,8.32,0.36,13.5,0,9.6,7,"nuts, oats, chocolate",1.68,3,1,1,0,1,1,0
523,523,3902,0.38,2.8,1440.0,12.0,65.0,0.9908,7.95,0.64,11.4,0,12.2,7,chocolate,1.16,3,1,1,0,0,0,0
524,524,3904,0.18,1.9,360.0,33.0,106.0,0.98746,8.21,0.83,14.0,0,10.0,7,"nuts, chocolate",1.29,3,1,1,0,0,1,0
525,525,3916,0.3,6.2,400.0,49.0,139.0,0.99021,8.17,0.27,13.6,0,14.2,7,raisins,1.16,3,1,0,1,0,0,0
526,526,3918,0.28,1.6,370.0,31.0,113.0,0.98779,8.12,0.4,14.2,0,12.8,7,raisins,1.92,3,1,0,1,0,0,0
527,527,3919,0.28,1.4,350.0,28.0,107.0,0.98836,8.0,0.4,13.2,0,13.2,7,raisins,1.09,3,1,0,1,0,0,0
528,528,3921,0.34,14.8,570.0,46.0,173.0,0.99751,8.14,0.57,10.2,0,14.6,7,raisins,1.23,3,1,0,1,0,0,0
529,529,3922,0.3,2.4,380.0,30.0,83.0,0.98867,8.09,0.36,12.8,0,13.4,7,raisins,1.49,3,1,0,1,0,0,0
530,530,3937,0.36,6.7,1850.0,51.5,151.0,0.9952799999999999,8.17,0.42,9.3,0,13.0,7,raisins,1.01,3,1,0,1,0,0,0
531,531,3941,0.34,1.0,680.0,32.0,143.0,0.9913799999999999,8.24,0.4,10.1,0,9.8,7,raisins,1.97,3,1,0,1,0,0,0
532,532,3962,0.27,5.8,320.0,40.0,118.0,0.9908799999999999,8.17,0.53,13.0,0,14.4,7,"nuts,raisins",1.64,3,1,0,1,0,1,0
533,533,3969,0.3,2.8,340.0,33.0,125.0,0.9915200000000001,8.03,0.49,10.4,0,12.8,7,"chocolate, oats",1.95,3,1,1,0,1,0,0
534,534,3971,0.3,2.8,340.0,33.0,125.0,0.9915200000000001,8.03,0.49,10.4,0,12.8,7,"chocolate, oats",1.53,3,1,1,0,1,0,0
535,535,3980,0.25,12.1,350.0,54.0,135.0,0.9948100000000001,8.21,0.4,10.7,0,12.2,7,chocolate,1.07,3,1,1,0,0,0,0
536,536,3981,0.27,4.5,360.0,81.0,157.0,0.9928,8.05,0.76,10.7,0,12.6,7,chocolate,1.47,3,1,1,0,0,0,0
537,537,3987,0.41,14.6,480.0,73.0,223.0,0.9986299999999999,8.16,0.71,9.4,0,14.6,7,chocolate,1.12,3,1,1,0,0,0,0
538,538,3989,0.27,8.6,440.0,45.0,104.0,0.99454,8.2,0.37,9.9,0,13.6,7,"chocolate, oats",1.08,3,1,1,0,1,0,0
539,539,3990,0.41,14.6,480.0,73.0,223.0,0.9986299999999999,8.16,0.71,9.4,0,14.6,7,chocolate,1.49,3,1,1,0,0,0,0
540,540,3995,0.31,4.7,380.0,3.0,127.0,0.9918600000000001,7.9,0.72,12.1,0,16.0,7,raisins,1.66,3,1,0,1,0,0,0
541,541,3997,0.29,3.1,410.0,37.0,144.0,0.98944,8.22,0.39,12.8,0,12.0,7,chocolate,1.11,3,1,1,0,0,0,0
542,542,4009,0.32,5.9,540.0,40.0,152.0,0.9938,8.2,0.57,10.8,0,13.6,7,chocolate,1.87,3,1,1,0,0,0,0
543,543,4012,0.49,5.8,530.0,25.0,120.0,0.9942,8.01,0.98,10.5,0,12.8,7,chocolate,1.44,3,1,1,0,0,0,0
544,544,4014,0.48,18.0,540.0,56.0,183.0,1.0003799999999998,7.98,0.61,8.5,0,13.0,7,"chocolate, oats",1.49,3,1,1,0,1,0,0
545,545,4031,0.57,1.0,600.0,15.0,120.0,0.9924,8.06,0.41,9.5,0,12.8,7,chocolate,1.86,3,1,1,0,0,0,0
546,546,4038,0.57,1.0,600.0,15.0,120.0,0.9924,8.06,0.41,9.5,0,12.8,7,chocolate,1.77,3,1,1,0,0,0,0
547,547,4039,0.16,4.4,330.0,8.0,109.0,0.9905799999999999,8.35,0.47,12.4,0,12.2,7,"chocolate, oats, peanut butter",1.2,3,1,1,0,1,0,1
548,548,4049,0.36,1.3,340.0,32.0,98.0,0.9905799999999999,8.02,0.58,11.3,0,13.6,7,"chocolate, oats",1.53,3,1,1,0,1,0,0
549,549,4054,0.28,17.55,500.0,33.0,154.0,0.99971,7.94,0.43,9.0,0,14.4,7,"chocolate, oats",1.37,3,1,1,0,1,0,0
550,550,4070,0.27,8.0,480.0,41.0,162.0,0.99498,8.21,0.51,9.9,0,12.2,7,chocolate,1.84,3,1,1,0,0,0,0
551,551,4076,0.26,9.6,500.0,33.0,134.0,0.99608,8.13,0.46,10.4,0,14.8,7,raisins,1.48,3,1,0,1,0,0,0
552,552,4078,0.21,1.5,440.0,21.0,110.0,0.9913799999999999,8.3,0.57,11.0,0,11.6,7,chocolate,1.29,3,1,1,0,0,0,0
553,553,4082,0.28,8.6,460.0,37.0,142.0,0.9943200000000001,8.23,0.53,10.6,0,11.8,7,chocolate,1.46,3,1,1,0,0,0,0
554,554,4088,0.27,3.8,470.0,16.0,79.0,0.9917299999999999,8.07,0.46,11.3,0,14.6,7,chocolate,1.67,3,1,1,0,0,0,0
555,555,4093,0.27,10.7,1100.0,20.0,103.0,0.99672,8.08,0.41,9.0,0,13.2,7,"nuts, chocolate",1.74,3,1,1,0,0,1,0
556,556,4097,0.28,7.9,570.0,21.0,82.0,0.99425,8.26,0.36,10.0,0,12.8,7,"chocolate, oats",1.34,3,1,1,0,1,0,0
557,557,4100,0.23,14.2,370.0,24.0,99.0,0.9952799999999999,8.08,0.38,10.6,0,12.6,7,chocolate,1.78,3,1,1,0,0,0,0
558,558,4102,0.23,9.5,570.0,54.0,166.0,0.9956799999999999,8.23,0.42,10.0,0,13.8,7,raisins,1.85,3,1,0,1,0,0,0
559,559,4105,0.45,1.4,390.0,36.0,122.0,0.99059,8.07,0.47,11.1,0,13.8,7,raisins,1.73,3,1,0,1,0,0,0
560,560,4107,0.26,20.3,370.0,45.0,150.0,0.9972700000000001,8.04,0.38,12.3,0,13.6,7,raisins,1.13,3,1,0,1,0,0,0
561,561,4109,0.22,2.7,430.0,46.0,153.0,0.9923799999999999,8.75,0.76,11.3,0,10.0,7,chocolate,1.17,3,1,1,0,0,0,0
562,562,4119,0.31,3.5,460.0,22.0,147.0,0.99024,8.15,0.31,12.0,0,13.0,7,"nuts, chocolate",1.45,3,1,1,0,0,1,0
563,563,4120,0.5,12.1,490.0,48.0,122.0,0.9973,8.01,0.44,9.0,0,14.8,7,chocolate,1.46,3,1,1,0,0,0,0
564,564,4121,0.22,17.45,540.0,42.0,151.0,0.9985299999999999,8.12,0.6,9.3,0,12.6,7,chocolate,1.39,3,1,1,0,0,0,0
565,565,4122,0.25,12.1,590.0,33.0,171.0,0.99769,8.14,0.56,8.7,0,12.4,7,raisins,1.98,3,1,0,1,0,0,0
566,566,4131,0.26,8.6,480.0,47.0,206.0,0.9964,8.26,0.36,9.1,0,14.8,7,raisins,1.07,3,1,0,1,0,0,0
567,567,4137,0.26,8.6,480.0,47.0,206.0,0.9964,8.26,0.36,9.1,0,14.8,7,raisins,1.65,3,1,0,1,0,0,0
568,568,4145,0.29,11.9,520.0,54.0,160.0,0.99546,8.03,0.58,10.4,0,13.6,7,chocolate,1.05,3,1,1,0,0,0,0
569,569,4148,0.25,15.0,550.0,8.0,120.0,0.9976700000000001,8.19,0.53,9.6,0,12.4,7,chocolate,1.16,3,1,1,0,0,0,0
570,570,4152,0.25,15.0,550.0,8.0,120.0,0.9976700000000001,8.19,0.53,9.6,0,12.4,7,chocolate,1.87,3,1,1,0,0,0,0
571,571,4160,0.3,13.7,560.0,33.0,168.0,0.99825,7.9,0.44,8.7,0,14.8,7,"chocolate, oats",1.82,3,1,1,0,1,0,0
572,572,4170,0.3,13.7,560.0,33.0,168.0,0.99825,7.9,0.44,8.7,0,14.8,7,"chocolate, oats",1.11,3,1,1,0,1,0,0
573,573,4176,0.33,3.2,490.0,68.0,161.0,0.99324,8.1,0.69,10.2,0,13.6,7,chocolate,1.03,3,1,1,0,0,0,0
574,574,4179,0.4,15.4,520.0,81.0,198.0,0.9986,8.2,0.69,9.4,0,13.8,7,chocolate,1.23,3,1,1,0,0,0,0
575,575,4190,0.3,1.4,400.0,14.0,63.0,0.98985,8.2,0.33,12.0,0,14.0,7,chocolate,1.29,3,1,1,0,0,0,0
576,576,4194,0.24,6.5,440.0,28.0,100.0,0.9934799999999999,8.12,0.33,10.2,0,13.4,7,chocolate,1.8,3,1,1,0,0,0,0
577,577,4198,0.53,12.9,490.0,63.0,139.0,0.99792,7.94,0.45,9.1,0,15.8,7,raisins,1.59,3,1,0,1,0,0,0
578,578,4211,0.42,11.8,410.0,32.0,193.0,0.99624,8.04,0.49,10.0,0,14.2,7,raisins,1.24,3,1,0,1,0,0,0
579,579,4218,0.32,4.6,410.0,31.0,180.0,0.9918399999999999,7.92,0.74,12.2,0,16.0,7,raisins,1.45,3,1,0,1,0,0,0
580,580,4219,0.24,12.1,560.0,68.0,210.0,0.99718,8.05,0.5,9.5,0,14.0,7,"nuts, chocolate",1.14,3,1,1,0,0,1,0
581,581,4223,0.11,1.1,290.0,6.0,51.0,0.9907600000000001,8.51,0.48,11.2,0,10.6,7,"nuts, chocolate",1.85,3,1,1,0,0,1,0
582,582,4224,0.35,6.5,290.0,26.0,87.0,0.99092,8.29,0.44,12.5,0,10.8,7,chocolate,1.2,3,1,1,0,0,0,0
583,583,4231,0.37,2.5,660.0,29.0,89.0,0.98964,8.14,0.42,12.7,0,15.0,7,raisins,1.59,3,1,0,1,0,0,0
584,584,4237,0.3,1.2,300.0,27.0,80.0,0.99192,8.05,0.68,10.5,0,15.0,7,chocolate,1.6,3,1,1,0,0,0,0
585,585,4239,0.36,1.8,410.0,38.0,90.0,0.9900200000000001,8.27,0.98,11.9,0,11.4,7,chocolate,1.4,3,1,1,0,0,0,0
586,586,4242,0.29,4.2,370.0,69.0,144.0,0.9921399999999999,8.13,0.74,10.8,0,11.8,7,chocolate,1.08,3,1,1,0,0,0,0
587,587,4244,0.48,13.5,380.0,44.0,116.0,0.9982,8.04,0.48,9.2,0,15.2,7,raisins,1.02,3,1,0,1,0,0,0
588,588,4248,0.2,1.6,400.0,26.0,114.0,0.99105,8.25,0.45,11.4,0,11.8,7,"chocolate, oats",1.18,3,1,1,0,1,0,0
589,589,4249,0.19,2.2,440.0,39.0,161.0,0.9920899999999999,8.19,0.43,10.4,0,11.0,7,chocolate,1.75,3,1,1,0,0,0,0
590,590,4260,0.22,5.25,380.0,44.0,145.0,0.9918399999999999,8.22,0.4,11.2,0,12.4,7,raisins,1.77,3,1,0,1,0,0,0
591,591,4263,0.05,8.0,360.0,19.0,164.0,0.99269,8.26,0.46,12.2,0,14.0,7,"nuts,raisins",1.35,3,1,0,1,0,1,0
592,592,4265,0.22,5.25,380.0,44.0,145.0,0.9918399999999999,8.22,0.4,11.2,0,12.4,7,raisins,1.63,3,1,0,1,0,0,0
593,593,4267,0.27,2.3,440.0,20.0,117.0,0.9895,8.31,0.41,12.7,0,12.0,7,chocolate,1.57,3,1,1,0,0,0,0
594,594,4281,0.24,17.8,590.0,23.0,124.0,0.9977299999999999,8.3,0.5,10.1,0,11.4,7,chocolate,1.97,3,1,1,0,0,0,0
595,595,4301,0.23,8.9,1050.0,22.0,155.0,0.99692,8.01,0.58,9.5,0,14.4,7,raisins,1.93,3,1,0,1,0,0,0
596,596,4305,0.24,7.4,440.0,21.0,113.0,0.9946200000000001,8.38,0.58,10.5,0,11.8,7,chocolate,1.54,3,1,1,0,0,0,0
597,597,4306,0.27,11.5,500.0,51.0,133.0,0.9947600000000001,8.22,0.37,10.8,0,12.2,7,chocolate,1.11,3,1,1,0,0,0,0
598,598,4307,0.27,1.6,390.0,36.0,116.0,0.9917799999999999,8.38,0.57,11.0,0,13.0,7,chocolate,1.64,3,1,1,0,0,0,0
599,599,4309,0.25,4.8,380.0,16.0,121.0,0.99198,8.36,0.71,12.6,0,13.2,7,raisins,1.95,3,1,0,1,0,0,0
600,600,4312,0.29,4.2,430.0,33.0,114.0,0.9902,8.16,0.31,12.5,0,13.8,7,chocolate,1.16,3,1,1,0,0,0,0
601,601,4319,0.24,5.4,350.0,33.0,115.0,0.9901,8.12,0.44,12.8933333333333,0,13.4,7,"nuts, chocolate",1.91,3,1,1,0,0,1,0
602,602,4324,0.28,1.0,430.0,45.0,100.0,0.9903299999999999,8.4,0.41,11.4,0,11.8,7,chocolate,1.42,3,1,1,0,0,0,0
603,603,4334,0.27,13.9,570.0,45.0,155.0,0.9980700000000001,7.94,0.41,8.8,0,14.6,7,"chocolate, oats",1.11,3,1,1,0,1,0,0
604,604,4339,0.29,2.0,440.0,15.0,96.0,0.9923200000000001,8.23,0.64,10.4,0,13.6,7,chocolate,1.15,3,1,1,0,0,0,0
605,605,4345,0.35,3.2,340.0,21.0,107.0,0.99195,8.11,0.54,11.1,0,14.2,7,chocolate,1.69,3,1,1,0,0,0,0
606,606,4358,0.2,7.5,500.0,44.0,179.0,0.9950399999999999,8.18,0.48,9.53333333333333,0,13.0,7,chocolate,1.65,3,1,1,0,0,0,0
607,607,4359,0.2,5.8,620.0,52.0,203.0,0.99461,8.17,0.44,9.8,0,14.4,7,raisins,1.33,3,1,0,1,0,0,0
608,608,4363,0.25,11.2,480.0,32.0,136.0,0.9966299999999999,8.14,0.4,9.5,0,14.2,7,raisins,1.21,3,1,0,1,0,0,0
609,609,4364,0.21,9.65,410.0,36.0,119.0,0.99334,7.99,0.34,10.933333333333302,0,12.8,7,chocolate,1.39,3,1,1,0,0,0,0
610,610,4372,0.23,3.5,380.0,23.0,112.0,0.9915700000000001,8.05,0.37,11.3666666666667,0,14.2,7,chocolate,1.24,3,1,1,0,0,0,0
611,611,4380,0.29,7.3,500.0,33.0,143.0,0.9933200000000001,8.31,0.5,11.066666666666698,0,11.4,7,raisins,1.48,3,1,0,1,0,0,0
612,612,4386,0.31,5.0,430.0,54.0,170.0,0.9924,8.28,0.52,11.0,0,12.0,7,chocolate,1.54,3,1,1,0,0,0,0
613,613,4387,0.33,1.2,390.0,34.0,97.0,0.9911200000000001,8.11,0.75,11.2,0,14.2,7,chocolate,1.55,3,1,1,0,0,0,0
614,614,4389,0.22,9.5,400.0,30.0,111.0,0.9933799999999999,8.05,0.31,10.8,0,12.6,7,chocolate,1.97,3,1,1,0,0,0,0
615,615,4390,0.44,15.8,570.0,39.0,167.0,0.9980399999999999,8.14,0.51,9.2,0,12.4,7,chocolate,1.96,3,1,1,0,0,0,0
616,616,4397,0.26,11.8,530.0,55.0,173.0,0.9969899999999999,8.11,0.6,9.8,0,14.8,7,chocolate,1.41,3,1,1,0,0,0,0
617,617,4398,0.26,11.8,530.0,55.0,173.0,0.9969899999999999,8.11,0.6,9.8,0,14.8,7,chocolate,1.87,3,1,1,0,0,0,0
618,618,4417,0.28,2.2,400.0,24.0,125.0,0.9917,8.19,0.48,10.5,0,12.4,7,chocolate,1.36,3,1,1,0,0,0,0
619,619,4421,0.23,17.3,470.0,37.0,118.0,0.9990600000000001,8.08,0.46,8.8,0,13.2,7,chocolate,1.9,3,1,1,0,0,0,0
620,620,4424,0.23,17.3,470.0,37.0,118.0,0.9990600000000001,8.08,0.46,8.8,0,13.2,7,chocolate,1.76,3,1,1,0,0,0,0
621,621,4426,0.52,6.5,470.0,28.0,123.0,0.99418,8.22,0.49,9.9,0,12.4,7,chocolate,1.55,3,1,1,0,0,0,0
622,622,4429,0.34,2.8,420.0,59.5,162.0,0.99179,8.27,0.47,10.8,0,12.2,7,raisins,1.28,3,1,0,1,0,0,0
623,623,4431,0.28,2.8,430.0,17.0,67.0,0.98924,8.21,0.47,13.2,0,13.2,7,raisins,1.28,3,1,0,1,0,0,0
624,624,4433,0.26,10.9,600.0,55.0,193.0,0.9969,8.21,0.44,9.4,0,13.8,7,"nuts,raisins",1.29,3,1,0,1,0,1,0
625,625,4435,0.3,9.15,510.0,25.0,166.0,0.99339,8.24,0.56,11.333333333333302,0,13.0,7,chocolate,1.16,3,1,1,0,0,0,0
626,626,4440,0.31,16.4,510.0,20.0,146.0,0.99834,8.06,0.54,9.1,0,13.4,7,raisins,1.1,3,1,0,1,0,0,0
627,627,4442,0.31,16.4,510.0,20.0,146.0,0.99834,8.06,0.54,9.1,0,13.4,7,raisins,1.48,3,1,0,1,0,0,0
628,628,4455,0.29,19.3,510.0,36.0,174.0,0.99911,8.14,0.5,9.0,0,12.0,7,chocolate,1.02,3,1,1,0,0,0,0
629,629,4469,0.27,2.1,420.0,35.0,100.0,0.9909399999999999,8.03,0.63,10.9,0,12.8,7,chocolate,1.61,3,1,1,0,0,0,0
630,630,4470,0.29,1.0,420.0,35.0,90.0,0.9908,8.76,0.49,11.3,0,9.4,7,"chocolate, oats",1.79,3,1,1,0,1,0,0
631,631,4475,0.33,1.9,360.0,37.0,110.0,0.98945,8.26,0.58,12.4,0,11.4,7,chocolate,1.75,3,1,1,0,0,0,0
632,632,4483,0.18,1.2,580.0,7.0,108.0,0.9928799999999999,8.23,0.58,9.55,0,11.6,7,chocolate,1.48,3,1,1,0,0,0,0
633,633,4484,0.26,4.5,530.0,17.0,126.0,0.9943,8.24,0.46,9.1,0,11.6,7,"nuts,raisins",1.49,3,1,0,1,0,1,0
634,634,4485,0.33,2.0,330.0,12.0,74.0,0.99064,8.29,0.65,12.5,0,13.4,7,raisins,1.61,3,1,0,1,0,0,0
635,635,4509,0.17,1.3,610.0,14.0,100.0,0.9925,8.07,0.55,9.5,0,13.4,7,chocolate,1.13,3,1,1,0,0,0,0
636,636,4512,0.32,1.1,340.0,24.0,110.0,0.9898,8.36,0.4,12.5,0,12.2,7,chocolate,1.85,3,1,1,0,0,0,0
637,637,4514,0.18,9.0,510.0,28.5,259.0,0.9964,8.19,0.5,8.8,0,12.2,7,"nuts, chocolate",1.34,3,1,1,0,0,1,0
638,638,4519,0.22,12.7,580.0,24.0,183.0,0.9956,8.32,0.42,11.7,0,11.6,7,"chocolate, oats",1.06,3,1,1,0,1,0,0
639,639,4532,0.21,1.3,560.0,35.0,121.0,0.9908,8.32,0.33,11.4,0,11.6,7,"chocolate, oats",1.28,3,1,1,0,1,0,0
640,640,4543,0.37,9.1,370.0,16.0,76.0,0.9948,8.05,0.54,11.1,0,13.8,7,chocolate,1.3,3,1,1,0,0,0,0
641,641,4548,0.22,14.7,470.0,51.0,183.0,0.998275,8.39,0.6,10.5,0,12.8,7,"nuts, chocolate",1.91,3,1,1,0,0,1,0
642,642,4553,0.3,3.9,260.0,36.0,105.0,0.9896299999999999,8.26,0.58,12.75,0,11.4,7,chocolate,1.77,3,1,1,0,0,0,0
643,643,4559,0.32,9.3,400.0,22.0,110.0,0.9958,8.34,0.54,10.7,0,13.8,7,chocolate,1.35,3,1,1,0,0,0,0
644,644,4570,0.15,1.1,290.0,12.0,83.0,0.9898,8.3,0.4,11.4,0,11.6,7,chocolate,1.94,3,1,1,0,0,0,0
645,645,4578,0.32,1.2,420.0,40.0,98.0,0.9898,8.42,0.64,11.8,0,9.6,7,"chocolate, oats",1.11,3,1,1,0,1,0,0
646,646,4585,0.23,11.8,300.0,23.0,158.0,0.9932200000000001,8.41,0.64,11.8,0,10.0,7,raisins,1.25,3,1,0,1,0,0,0
647,647,4587,0.35,10.0,350.0,22.0,108.0,0.9945700000000001,8.12,0.36,11.6,0,16.0,7,raisins,1.5,3,1,0,1,0,0,0
648,648,4594,0.3,2.2,350.0,26.0,129.0,0.9890000000000001,8.32,0.47,12.9,0,11.6,7,"nuts, chocolate",1.46,3,1,1,0,0,1,0
649,649,4601,0.35,6.9,300.0,45.0,116.0,0.99244,7.8,0.54,11.0,0,13.8,7,chocolate,1.51,3,1,1,0,0,0,0
650,650,4617,0.18,2.0,360.0,23.0,129.0,0.98949,8.36,0.77,13.4,0,10.4,7,"nuts,raisins",1.12,3,1,0,1,0,1,0
651,651,4625,0.23,6.65,340.0,6.0,158.0,0.99344,8.05,0.48,11.2,0,16.6,7,"nuts, chocolate",1.33,3,1,1,0,0,1,0
652,652,4634,0.38,10.7,380.0,49.0,136.0,0.99366,8.11,0.59,11.2,0,11.6,7,chocolate,1.48,3,1,1,0,0,0,0
653,653,4641,0.36,1.2,350.0,43.0,126.0,0.9909399999999999,8.01,0.63,11.4,0,13.2,7,chocolate,1.04,3,1,1,0,0,0,0
654,654,4642,0.3,1.3,300.0,25.0,98.0,0.9896799999999999,8.37,0.43,12.4,0,11.4,7,chocolate,1.25,3,1,1,0,0,0,0
655,655,4644,0.22,3.4,350.0,40.0,122.0,0.99024,8.09,0.47,12.3,0,13.6,7,chocolate,1.92,3,1,1,0,0,0,0
656,656,4649,0.06,6.8,420.0,9.0,84.0,0.9943200000000001,8.44,0.44,10.2,0,11.4,7,"nuts, oats, chocolate",1.69,3,1,1,0,1,1,0
657,657,4653,0.28,2.5,350.0,18.0,73.0,0.9886799999999999,8.1,0.47,12.8,0,12.6,7,raisins,1.08,3,1,0,1,0,0,0
658,658,4665,0.36,8.2,280.0,44.0,111.0,0.99272,8.14,0.41,12.4,0,14.6,7,"chocolate, oats",1.45,3,1,1,0,1,0,0
659,659,4667,0.34,6.1,340.0,31.0,114.0,0.99365,8.32,0.58,10.15,0,12.2,7,"chocolate, oats",1.11,3,1,1,0,1,0,0
660,660,4668,0.33,6.0,360.0,30.0,111.0,0.9936200000000001,8.32,0.58,10.15,0,12.0,7,"chocolate, oats",1.92,3,1,1,0,1,0,0
661,661,4670,0.49,11.4,350.0,57.0,137.0,0.9973200000000001,8.08,0.54,8.9,0,13.2,7,chocolate,1.93,3,1,1,0,0,0,0
662,662,4682,0.33,0.7,270.0,15.0,66.0,0.9899,8.11,0.31,11.8,0,13.6,7,raisins,1.04,3,1,0,1,0,0,0
663,663,4685,0.32,10.4,620.0,23.0,114.0,0.9966,8.23,0.49,10.5,0,14.4,7,chocolate,1.18,3,1,1,0,0,0,0
664,664,4688,0.32,12.5,350.0,18.0,156.0,0.99666,7.88,0.36,9.0,0,13.4,7,"chocolate, oats",1.32,3,1,1,0,1,0,0
665,665,4690,0.32,12.5,350.0,18.0,156.0,0.99666,7.88,0.36,9.0,0,13.4,7,"chocolate, oats",1.49,3,1,1,0,1,0,0
666,666,4702,0.09,7.6,440.0,34.0,144.0,0.9948,8.26,0.38,10.1,0,12.8,7,"nuts, oats, chocolate",1.82,3,1,1,0,1,1,0
667,667,4703,0.28,1.4,370.0,36.0,83.0,0.99074,8.33,0.42,10.9,0,11.8,7,"chocolate, oats",1.64,3,1,1,0,1,0,0
668,668,4707,0.16,12.55,510.0,31.0,115.0,0.99564,8.4,0.38,10.8,0,11.2,7,chocolate,1.52,3,1,1,0,0,0,0
669,669,4716,0.38,2.6,330.0,10.0,69.0,0.9909,8.12,0.59,10.8,0,11.0,7,raisins,1.96,3,1,0,1,0,0,0
670,670,4720,0.32,1.3,440.0,18.0,93.0,0.99044,8.11,0.56,12.25,0,13.2,7,chocolate,1.73,3,1,1,0,0,0,0
671,671,4721,0.33,10.7,360.0,27.0,98.0,0.99521,8.34,0.52,10.2,0,12.2,7,raisins,1.77,3,1,0,1,0,0,0
672,672,4735,0.36,1.7,420.0,14.0,61.0,0.99144,8.22,0.54,10.8,0,12.0,7,"chocolate, oats",1.94,3,1,1,0,1,0,0
673,673,4742,0.32,3.6,350.0,36.0,133.0,0.99215,8.23,0.46,10.8,0,12.0,7,chocolate,1.6,3,1,1,0,0,0,0
674,674,4745,0.25,2.9,470.0,289.0,440.0,0.9931399999999999,8.44,0.64,10.5,0,12.2,7,chocolate,1.69,3,1,1,0,0,0,0
675,675,4752,0.36,1.3,350.0,40.0,78.0,0.9891,8.23,0.64,12.1,0,10.2,7,chocolate,1.35,3,1,1,0,0,0,0
676,676,4755,0.73,2.2,270.0,21.0,92.0,0.99,8.12,0.48,12.4,0,13.2,7,chocolate,1.5,3,1,1,0,0,0,0
677,677,4756,0.26,3.5,350.0,38.0,111.0,0.98872,8.18,0.47,13.6,0,12.0,7,raisins,1.14,3,1,0,1,0,0,0
678,678,4771,0.3,13.0,470.0,69.0,160.0,0.99705,8.16,0.5,9.6,0,13.6,7,chocolate,1.99,3,1,1,0,0,0,0
679,679,4777,0.32,2.0,340.0,31.0,102.0,0.9895200000000001,8.16,0.56,12.3,0,11.8,7,chocolate,1.99,3,1,1,0,0,0,0
680,680,4783,0.5,12.1,450.0,38.0,127.0,0.9974,8.04,0.53,8.9,0,13.4,7,raisins,1.57,3,1,0,1,0,0,0
681,681,4800,0.33,1.1,390.0,45.0,126.0,0.99051,8.31,0.45,11.6,0,12.0,7,chocolate,1.51,3,1,1,0,0,0,0
682,682,4804,0.46,0.9,330.0,9.0,65.0,0.98934,8.24,0.35,12.1,0,12.0,7,raisins,1.31,3,1,0,1,0,0,0
683,683,4806,0.09,10.9,510.0,37.0,131.0,0.99566,7.93,0.62,9.5,0,13.2,7,chocolate,1.94,3,1,1,0,0,0,0
684,684,4815,0.01,3.2,410.0,18.0,120.0,0.99026,8.2,0.94,13.7,0,12.4,7,"nuts, oats",1.26,3,1,0,0,1,1,0
685,685,4817,0.25,3.7,310.0,38.0,122.0,0.9912799999999999,8.2,0.63,11.2,0,11.6,7,raisins,1.53,3,1,0,1,0,0,0
686,686,4819,0.35,5.1,260.0,17.0,113.0,0.9905200000000001,8.18,0.67,12.4,0,11.4,7,"nuts, chocolate",1.56,3,1,1,0,0,1,0
687,687,4820,0.5,1.0,1270.0,63.0,178.0,0.9921200000000001,8.1,0.45,9.7,0,11.6,7,raisins,1.82,3,1,0,1,0,0,0
688,688,4821,0.47,1.3,430.0,18.0,131.0,0.9917600000000001,8.19,0.45,11.0,0,14.0,7,chocolate,1.31,3,1,1,0,0,0,0
689,689,4824,0.35,10.3,420.0,54.0,140.0,0.9967,8.23,0.47,9.2,0,12.8,7,chocolate,1.18,3,1,1,0,0,0,0
690,690,4828,0.35,10.3,420.0,54.0,140.0,0.9967,8.23,0.47,9.2,0,12.8,7,chocolate,1.55,3,1,1,0,0,0,0
691,691,4835,0.26,1.1,350.0,40.0,102.0,0.99154,8.47,0.56,10.6,0,11.2,7,chocolate,1.5,3,1,1,0,0,0,0
692,692,4838,0.24,7.4,380.0,28.0,114.0,0.99313,8.38,0.51,11.0,0,10.6,7,chocolate,1.97,3,1,1,0,0,0,0
693,693,4851,0.44,8.9,550.0,52.0,164.0,0.9948799999999999,8.1,0.48,9.6,0,12.8,7,raisins,1.57,3,1,0,1,0,0,0
694,694,4854,0.29,3.9,410.0,22.0,79.0,0.99005,8.1,0.59,12.066666666666698,0,12.4,7,raisins,1.34,3,1,0,1,0,0,0
695,695,4867,0.34,1.4,310.0,3.0,60.0,0.98854,8.27,0.38,13.0,0,10.6,7,"nuts, oats, chocolate",1.08,3,1,1,0,1,1,0
696,696,4869,0.33,10.1,320.0,8.0,81.0,0.99626,8.19,0.51,9.8,0,13.2,7,chocolate,1.49,3,1,1,0,0,0,0
697,697,4871,0.4,1.9,150.0,20.0,98.0,0.9897,8.37,0.55,12.05,0,10.0,7,chocolate,1.56,3,1,1,0,0,0,0
698,698,4876,0.42,2.5,380.0,34.0,117.0,0.9913200000000001,8.36,0.59,11.6,0,12.4,7,raisins,1.56,3,1,0,1,0,0,0
699,699,4877,0.0,0.8,320.0,12.0,82.0,0.9928600000000001,8.25,0.36,8.8,0,11.8,7,"nuts,raisins",1.61,3,1,0,1,0,1,0
700,700,4879,0.4,8.1,460.0,68.0,170.0,0.9949399999999999,8.15,0.5,9.53333333333333,0,13.2,7,raisins,1.81,3,1,0,1,0,0,0
701,701,4883,0.17,1.9,350.0,60.0,148.0,0.98964,8.27,0.35,11.5,0,9.8,7,"nuts, chocolate",1.5,3,1,1,0,0,1,0
702,702,4885,0.4,8.1,460.0,68.0,170.0,0.9949399999999999,8.15,0.5,9.55,0,13.2,7,raisins,1.54,3,1,0,1,0,0,0
703,703,4886,0.28,5.7,280.0,45.0,121.0,0.9916799999999999,8.21,1.08,12.15,0,12.4,7,chocolate,1.73,3,1,1,0,0,0,0
704,704,4890,0.29,2.2,360.0,25.0,100.0,0.9893799999999999,8.06,0.44,11.8,0,12.2,7,raisins,1.9,3,1,0,1,0,0,0
705,705,4896,0.3,1.1,220.0,20.0,110.0,0.98869,8.34,0.38,12.8,0,11.0,7,chocolate,1.62,3,1,1,0,0,0,0
706,706,14,0.18,3.8,1760.0,52.0,145.0,0.9986,8.16,0.88,9.2,0,17.8,7,"nuts, oats, chocolate",1.46,3,0,1,0,1,1,0
707,707,26,0.24,1.8,800.0,4.0,11.0,0.9962,8.28,0.59,9.5,0,15.2,7,"nuts, chocolate",1.03,3,0,1,0,0,1,0
708,708,30,0.07,2.4,890.0,17.0,82.0,0.9958,8.35,0.54,10.1,0,13.4,7,"nuts, oats, chocolate",1.67,3,0,1,0,1,1,0
709,709,52,0.04,2.1,680.0,6.0,14.0,0.9955,8.39,0.64,9.4,0,13.2,7,"nuts,raisins",1.77,3,0,0,1,0,1,0
710,710,100,0.3,2.1,840.0,11.0,50.0,0.9972,8.4,0.61,10.2,0,16.6,7,"nuts, oats, chocolate",1.01,3,0,1,0,1,1,0
711,711,180,0.14,2.4,670.0,10.0,42.0,0.9969,8.19,0.59,9.5,0,17.6,7,"nuts, oats, chocolate",1.57,3,0,1,0,1,1,0
712,712,204,0.36,1.6,890.0,14.0,37.0,0.99615,8.34,0.56,9.2,0,14.0,7,"nuts, chocolate",1.66,3,0,1,0,0,1,0
713,713,207,0.31,1.8,690.0,26.0,120.0,0.99625,8.29,0.53,9.3,0,15.6,7,"nuts,raisins",1.06,3,0,0,1,0,1,0
714,714,216,0.16,2.0,1010.0,13.0,49.0,0.9962,8.14,0.57,11.0,0,17.4,7,"nuts, oats, chocolate",1.28,3,0,1,0,1,1,0
715,715,228,0.25,2.6,730.0,29.0,63.0,0.99615,8.37,0.58,10.5,0,15.4,7,"nuts, chocolate",1.61,3,0,1,0,0,1,0
716,716,293,0.25,2.4,980.0,5.0,16.0,0.9964,8.41,0.6,10.1,0,13.8,7,raisins,1.52,3,0,0,1,0,0,0
717,717,309,0.38,1.7,620.0,9.0,30.0,0.9968,8.41,0.53,9.5,0,14.8,7,chocolate,1.64,3,0,1,0,0,0,0
718,718,327,0.5,4.5,1070.0,5.0,13.0,0.998,8.28,0.83,11.5,0,20.6,7,"nuts, chocolate",1.03,3,0,1,0,0,1,0
719,719,329,0.39,2.0,610.0,7.0,15.0,0.9981,8.18,0.62,9.5,0,21.4,7,"nuts, chocolate",1.36,3,0,1,0,0,1,0
720,720,332,0.28,3.2,660.0,21.0,114.0,0.9973,8.22,0.54,9.4,0,16.0,7,"nuts,raisins",1.4,3,0,0,1,0,1,0
721,721,340,0.5,2.4,660.0,10.0,21.0,1.0,8.12,1.18,9.2,0,24.4,7,raisins,1.59,3,0,0,1,0,0,0
722,722,347,0.67,3.0,930.0,6.0,15.0,0.9986,8.02,0.93,12.0,0,27.6,7,"nuts, chocolate",1.47,3,0,1,0,0,1,0
723,723,357,0.66,2.95,1160.0,12.0,29.0,0.997,8.24,0.75,11.7,0,21.0,7,"nuts, chocolate",1.32,3,0,1,0,0,1,0
724,724,393,0.61,2.0,1120.0,13.0,95.0,0.997,8.16,0.54,9.1,0,16.8,7,"nuts, oats, chocolate",1.76,3,0,1,0,1,1,0
725,725,397,0.59,2.6,870.0,13.0,49.0,0.9988,8.18,0.65,11.0,0,23.0,7,"nuts,raisins",1.57,3,0,0,1,0,1,0
726,726,408,0.58,3.7,1740.0,6.0,16.0,0.997,8.19,0.7,11.3,0,20.8,7,raisins,1.32,3,0,0,1,0,0,0
727,727,438,0.55,3.2,760.0,22.0,54.0,0.9996,8.15,0.89,9.9,0,20.8,7,"nuts, chocolate",1.75,3,0,1,0,0,1,0
728,728,440,0.72,2.2,720.0,6.0,29.0,0.9987,7.88,0.82,9.8,0,25.2,7,raisins,1.49,3,0,0,1,0,0,0
729,729,469,0.02,1.2,700.0,36.0,48.0,0.9952,8.2,0.58,9.8,0,17.4,7,"chocolate, peanut butter",1.67,3,0,1,0,0,0,1
730,730,480,0.39,15.5,690.0,6.0,23.0,1.0026,8.12,0.66,9.2,0,21.2,7,chocolate,1.55,3,0,1,0,0,0,0
731,731,499,0.31,3.0,860.0,23.0,81.0,1.0002,8.48,0.74,11.6,0,17.4,7,"nuts, oats, chocolate",1.82,3,0,1,0,1,1,0
732,732,503,0.47,1.9,780.0,6.0,24.0,0.9976,8.18,1.04,10.9,0,21.0,7,chocolate,1.03,3,0,1,0,0,0,0
733,733,510,0.49,4.6,730.0,19.0,43.0,0.9978,8.02,0.61,9.5,0,24.8,7,"nuts, chocolate",1.61,3,0,1,0,0,1,0
734,734,541,0.49,6.3,640.0,5.0,17.0,0.9988,8.21,0.73,11.0,0,19.0,7,"nuts, chocolate",2.0,3,0,1,0,0,1,0
735,735,607,0.41,3.3,920.0,26.0,52.0,0.9982,8.31,0.53,10.5,0,17.6,7,"nuts, chocolate",1.32,3,0,1,0,0,1,0
736,736,617,0.51,2.2,790.0,14.0,28.0,0.9982,8.03,0.93,9.8,0,23.0,7,raisins,1.13,3,0,0,1,0,0,0
737,737,642,0.45,2.3,710.0,16.0,40.0,0.9991,8.39,0.62,9.4,0,19.8,7,"nuts,raisins",1.6,3,0,0,1,0,1,0
738,738,699,0.55,2.1,710.0,5.0,19.0,0.9986,8.11,0.62,10.8,0,23.6,7,raisins,1.76,3,0,0,1,0,0,0
739,739,714,0.28,2.6,780.0,21.0,77.0,0.998,8.28,0.51,9.8,0,19.8,7,"nuts, oats",1.59,3,0,0,0,1,1,0
740,740,722,0.08,2.7,840.0,15.0,48.0,0.9968,8.21,0.59,10.0,0,15.2,7,"nuts, chocolate",1.41,3,0,1,0,0,1,0
741,741,759,0.21,2.5,920.0,33.0,88.0,0.99823,8.19,0.52,9.2,0,17.6,7,"nuts, chocolate",1.67,3,0,1,0,0,1,0
742,742,836,0.28,2.4,120.0,36.0,100.0,0.99064,8.26,0.39,11.7,0,13.4,7,chocolate,1.84,3,0,1,0,0,0,0
743,743,844,0.46,1.7,620.0,26.0,42.0,0.9959,8.18,0.83,10.6,0,19.8,7,chocolate,1.61,3,0,1,0,0,0,0
744,744,881,0.0,2.1,680.0,30.0,35.0,0.9953299999999999,8.48,0.65,11.4,0,15.2,7,"nuts, oats",1.41,3,0,0,0,1,1,0
745,745,920,0.37,2.3,910.0,10.0,23.0,0.9978600000000001,8.24,0.56,10.5,0,19.2,7,"nuts, chocolate",1.55,3,0,1,0,0,1,0
746,746,988,0.12,1.7,970.0,19.0,27.0,0.9959600000000001,8.16,0.49,9.4,0,15.4,7,raisins,1.21,3,0,0,1,0,0,0
747,747,996,0.0,2.2,870.0,3.0,11.0,0.9937799999999999,8.71,0.63,12.8,0,11.2,7,"nuts, oats, chocolate",1.43,3,0,1,0,1,1,0
748,748,1009,0.36,2.8,1160.0,26.0,55.0,0.9972200000000001,8.18,0.68,10.9,0,19.2,7,"nuts,raisins",1.44,3,0,0,1,0,1,0
749,749,1015,0.46,2.2,750.0,14.0,27.0,0.99598,8.06,0.84,11.4,0,21.0,7,raisins,1.43,3,0,0,1,0,0,0
750,750,1016,0.4,2.2,680.0,12.0,28.0,0.9948600000000001,8.27,0.75,12.6,0,17.8,7,raisins,1.07,3,0,0,1,0,0,0
751,751,1031,0.01,1.8,930.0,9.0,15.0,0.9951399999999999,8.35,0.58,11.0,0,14.6,7,"nuts,raisins",1.78,3,0,0,1,0,1,0
752,752,1063,0.65,2.4,750.0,6.0,17.0,0.99565,8.22,0.63,11.8,0,20.4,7,chocolate,1.03,3,0,1,0,0,0,0
753,753,1067,0.53,2.2,600.0,3.0,10.0,0.99572,8.02,0.83,10.9,0,22.2,7,raisins,1.38,3,0,0,1,0,0,0
754,754,1071,0.2,8.1,980.0,30.0,92.0,0.99892,8.2,0.58,9.2,0,15.0,7,"nuts, oats",1.4,3,0,0,0,1,1,0
755,755,1080,0.56,1.4,470.0,3.0,8.0,0.99471,8.16,0.51,11.8,0,20.6,7,chocolate,1.61,3,0,1,0,0,0,0
756,756,1085,0.08,1.8,740.0,40.0,64.0,0.99529,8.12,0.49,9.6,0,13.6,7,"nuts, chocolate",1.59,3,0,1,0,0,1,0
757,757,1117,0.07,2.5,910.0,15.0,21.0,0.99572,8.38,0.6,11.3,0,14.0,7,"nuts, oats, chocolate",1.24,3,0,1,0,1,1,0
758,758,1146,0.12,1.8,1780.0,6.0,21.0,0.996,8.28,0.87,9.8,0,15.6,7,"nuts,raisins",1.49,3,0,0,1,0,1,0
759,759,1154,0.0,2.2,1000.0,50.0,63.0,0.99544,8.59,0.68,11.4,0,13.2,7,"nuts,raisins",1.47,3,0,0,1,0,1,0
760,760,1156,0.51,1.75,710.0,45.0,88.0,0.99524,8.33,0.76,11.8,0,17.0,7,"chocolate, oats",1.13,3,0,1,0,1,0,0
761,761,1182,0.4,2.5,680.0,41.0,54.0,0.99754,8.38,0.86,10.5,0,20.4,7,"nuts, chocolate",1.65,3,0,1,0,0,1,0
762,762,1206,0.46,2.1,740.0,24.0,44.0,0.99534,8.4,0.85,11.0,0,14.4,7,raisins,1.12,3,0,0,1,0,0,0
763,763,1213,0.42,1.9,710.0,5.0,13.0,0.99659,8.15,0.75,10.5,0,19.2,7,raisins,1.82,3,0,0,1,0,0,0
764,764,1229,0.29,2.1,750.0,19.0,66.0,0.99718,8.4,0.64,9.5,0,15.2,7,"nuts, chocolate",1.15,3,0,1,0,0,1,0
765,765,1231,0.01,2.6,740.0,48.0,90.0,0.99621,8.38,0.62,10.8,0,15.6,7,"chocolate, peanut butter",1.77,3,0,1,0,0,0,1
766,766,1259,0.0,2.7,1230.0,15.0,33.0,0.9953799999999999,8.44,0.63,11.3,0,13.6,7,"nuts, oats, chocolate",1.24,3,0,1,0,1,1,0
767,767,1327,0.24,1.7,770.0,18.0,34.0,0.9948,8.39,0.6,10.6,0,13.4,7,"nuts, chocolate",1.55,3,0,1,0,0,1,0
768,768,1341,0.02,1.7,840.0,13.0,31.0,0.9953799999999999,8.36,0.54,10.5,0,15.0,7,"nuts,raisins",1.97,3,0,0,1,0,1,0
769,769,1375,0.26,2.0,830.0,13.0,100.0,0.9958600000000001,8.26,0.52,9.9,0,14.4,7,"nuts,raisins",1.7,3,0,0,1,0,1,0
770,770,1402,0.42,2.0,520.0,6.0,24.0,0.9963,8.44,0.82,11.9,0,15.2,7,raisins,1.84,3,0,0,1,0,0,0
771,771,1416,0.59,2.2,770.0,3.0,15.0,0.9994,8.2,0.78,9.6,0,20.0,7,raisins,1.73,3,0,0,1,0,0,0
772,772,1435,0.37,15.4,2140.0,55.0,95.0,1.00369,8.18,0.77,9.0,0,20.4,7,"nuts,raisins",1.0,3,0,0,1,0,1,0
773,773,1438,0.0,1.7,520.0,3.0,8.0,0.996,8.41,0.47,10.3,0,14.0,7,"nuts,raisins",1.21,3,0,0,1,0,1,0
774,774,1442,0.02,1.9,780.0,18.0,30.0,0.9971200000000001,8.4,0.75,9.8,0,13.8,7,"nuts, oats, chocolate",1.01,3,0,1,0,1,1,0
775,775,1445,0.19,5.2,940.0,19.0,98.0,0.99713,8.16,0.52,9.6,0,14.8,7,"nuts, oats",1.68,3,0,0,0,1,1,0
776,776,1461,0.0,2.1,600.0,6.0,13.0,0.99664,8.59,0.61,10.0,0,12.4,7,"nuts, oats",1.38,3,0,0,0,1,1,0
777,777,1467,0.08,2.3,670.0,19.0,32.0,0.9964799999999999,8.52,0.57,11.0,0,13.4,7,peanut butter,1.63,3,0,0,0,0,0,1
778,778,1474,0.5,13.8,2050.0,48.0,82.0,1.00242,8.16,0.75,8.8,0,19.8,7,"nuts,raisins",1.9,3,0,0,1,0,1,0
