,sugar_flour_ratio,sugar_index,bake_temp,chill_time,calories,density,pH,gr_baking_soda,bake_time,quality,weight,diameter,mixins,crunch_factor,aesthetic_appeal,butter_type_melted,chocolate,raisins,oats,nuts,peanut butter,predictions_quality
0,0.62,19.25,400.0,41.0,172.0,1.0002,7.98,0.67,9.7,0,16.6,7,"nuts, chocolate",1.85,3,1,1,0,0,1,0,7.666664142323601
1,0.35,1.0,520.0,35.0,146.0,0.993,8.45,0.44,10.0,0,13.8,7,chocolate,1.43,3,1,1,0,0,0,0,7.723859893820997
2,0.39,10.4,440.0,20.0,142.0,0.9974,8.2,0.53,10.0,0,17.0,7,chocolate,1.57,3,1,1,0,0,0,0,7.918869566629095
3,0.33,1.1,570.0,21.0,82.0,0.991,8.32,0.46,10.9,0,12.4,7,"chocolate, oats",1.44,3,1,1,0,1,0,0,7.998058553278863
4,0.37,13.5,600.0,52.0,192.0,0.9975,8.0,0.44,9.1,0,14.8,7,chocolate,1.51,3,1,1,0,0,0,0,7.542414465428234
5,0.31,5.5,480.0,42.0,173.0,0.9951,8.19,0.66,9.3,0,12.8,7,raisins,1.86,3,1,0,1,0,0,0,7.4523724311374515
6,0.35,2.3,530.0,36.0,114.0,0.9924,8.28,0.5,10.2,0,11.6,7,chocolate,1.23,3,1,1,0,0,0,0,7.811944872801373
7,0.88,6.2,490.0,20.0,124.0,0.9968,7.99,0.51,9.9,0,20.4,7,"nuts, chocolate",1.36,3,1,1,0,0,1,0,7.536329669299629
8,0.36,7.0,360.0,45.0,164.0,0.9939,8.03,0.33,11.0,0,15.0,7,chocolate,1.21,3,1,1,0,0,0,0,8.053244962722435
9,0.32,2.4,480.0,41.0,200.0,0.9938,8.5,0.5,9.7,0,12.8,7,"chocolate, oats",1.37,3,1,1,0,1,0,0,7.675431221453412
10,0.22,7.3,410.0,26.0,157.0,0.9957,8.44,0.64,9.8,0,12.4,7,chocolate,1.09,3,1,1,0,0,0,0,7.8546548082724605
11,0.26,4.8,370.0,36.0,148.0,0.9928,8.21,0.41,10.4,0,12.4,7,raisins,1.0,3,1,0,1,0,0,0,7.633115855281833
12,0.23,6.3,390.0,37.0,143.0,0.9944,8.19,0.65,10.0,0,12.8,7,raisins,1.42,3,1,0,1,0,0,0,7.678600105029563
13,0.41,1.3,360.0,33.0,85.0,0.992,8.17,0.51,10.4,0,14.4,7,chocolate,1.69,3,1,1,0,0,0,0,7.877540955440484
14,0.3,1.8,330.0,16.0,91.0,0.9906,8.28,0.4,11.8,0,12.6,7,chocolate,1.72,3,1,1,0,0,0,0,8.277829172713414
15,0.43,7.8,450.0,27.0,153.0,0.9964,8.19,0.55,9.0,0,14.8,7,chocolate,1.98,3,1,1,0,0,0,0,7.534070945800554
16,0.41,15.6,560.0,75.0,155.0,0.9995,8.2,0.44,8.8,0,13.4,7,"chocolate, oats",1.81,3,1,1,0,1,0,0,7.49816476304316
17,0.33,1.1,500.0,24.0,169.0,0.9927,8.15,0.78,9.5,0,12.2,7,raisins,1.63,3,1,0,1,0,0,0,7.5167999116402875
18,0.43,2.0,210.0,20.0,69.0,0.99,8.08,0.56,12.2,0,14.6,7,chocolate,1.05,3,1,1,0,0,0,0,8.496663050507525
19,0.4,1.5,370.0,35.0,107.0,0.9917,8.46,0.5,11.4,0,12.6,7,chocolate,1.33,3,1,1,0,0,0,0,8.225932445697755
20,0.39,1.2,440.0,26.0,116.0,0.992,8.26,0.53,10.3,0,12.6,7,"chocolate, oats",1.15,3,1,1,0,1,0,0,7.852740940875716
21,0.34,2.3,450.0,73.5,214.0,0.9934,8.18,0.61,9.9,0,14.8,7,"chocolate, oats",1.25,3,1,1,0,1,0,0,7.798990782438384
22,0.37,1.6,280.0,24.0,102.0,0.9913,8.29,0.59,11.6,0,13.4,7,chocolate,1.26,3,1,1,0,0,0,0,8.337899311013555
23,0.53,18.15,470.0,59.0,182.0,0.9992,8.09,0.52,9.6,0,14.4,7,chocolate,1.97,3,1,1,0,0,0,0,7.825937963343829
24,0.34,8.9,430.0,31.0,172.0,0.9964,8.22,0.6,9.2,0,13.4,7,"nuts, chocolate",1.52,3,1,1,0,0,1,0,7.3207621425100164
25,0.62,10.8,410.0,70.0,189.0,0.9976,8.08,0.49,8.6,0,14.4,7,"nuts, chocolate",1.6,3,1,1,0,0,1,0,7.0776031119159875
26,0.29,2.25,370.0,8.0,210.0,0.9937,8.19,0.62,9.9,0,13.0,7,raisins,1.66,3,1,0,1,0,0,0,7.602093401381008
27,0.12,1.3,410.0,62.0,138.0,0.9921,8.21,0.42,10.0,0,13.4,7,chocolate,1.68,3,1,1,0,0,0,0,7.683049405409296
28,0.65,10.4,500.0,76.0,192.0,0.9976,8.16,0.42,8.7,0,14.4,7,"nuts, chocolate",1.14,3,1,1,0,0,1,0,7.073421387307814
29,0.29,7.5,490.0,38.0,158.0,0.9965,8.43,0.38,9.6,0,14.6,7,chocolate,1.85,3,1,1,0,0,0,0,7.657135715432023
30,0.27,1.9,510.0,52.0,195.0,0.9928,8.23,0.5,10.9,0,15.6,7,chocolate,1.25,3,1,1,0,0,0,0,8.079679530102279
31,0.33,13.9,460.0,68.0,179.0,0.9971,8.36,0.5,10.4,0,12.6,7,chocolate,1.35,3,1,1,0,0,0,0,8.03731209981358
32,0.48,14.2,420.0,62.0,204.0,0.9983,8.06,0.59,9.4,0,14.8,7,raisins,1.34,3,1,0,1,0,0,0,7.552076191836054
33,0.26,2.7,380.0,39.0,187.0,0.99325,8.41,0.5,10.8,0,12.0,7,raisins,1.55,3,1,0,1,0,0,0,7.845462723100123
34,0.34,1.6,320.0,23.0,128.0,0.9917,8.37,0.47,11.7,0,13.8,7,raisins,1.54,3,1,0,1,0,0,0,8.10528853975632
35,0.4,1.2,470.0,54.0,134.0,0.9932,8.3,0.97,9.8,0,14.2,7,"chocolate, oats",1.01,3,1,1,0,1,0,0,7.964773751417912
36,0.36,2.1,340.0,30.0,177.0,0.99085,8.25,0.4,11.9,0,14.6,7,chocolate,1.73,3,1,1,0,0,0,0,8.322337936486942
37,0.29,1.6,340.0,29.0,118.0,0.9917,8.3,0.5,11.0,0,14.6,7,chocolate,1.34,3,1,1,0,0,0,0,8.080361604762007
38,0.44,1.9,400.0,9.0,121.0,0.9953,8.19,0.48,9.9,0,17.6,7,raisins,1.63,3,1,0,1,0,0,0,7.572887274350176
39,0.32,4.6,570.0,59.0,144.0,0.9956,8.55,0.44,9.4,0,14.0,7,"chocolate, oats",1.51,3,1,1,0,1,0,0,7.589910589229145
40,0.33,1.6,430.0,63.0,149.0,0.9925,8.44,0.52,10.8,0,13.8,7,"chocolate, oats",1.96,3,1,1,0,1,0,0,8.045140251290004
41,0.34,1.3,460.0,6.0,29.0,0.9924,8.29,0.63,10.4,0,12.0,7,chocolate,1.03,3,1,1,0,0,0,0,7.96008281511887
42,0.39,1.3,550.0,32.0,146.0,0.993,8.08,0.39,10.5,0,16.6,7,"chocolate, oats",1.51,3,1,1,0,1,0,0,7.876841705817743
43,0.22,2.8,360.0,19.0,113.0,0.9926,8.03,0.29,10.2,0,15.2,7,raisins,1.77,3,1,0,1,0,0,0,7.484281417967242
44,0.47,11.2,710.0,44.0,136.0,0.9968,7.98,0.88,9.2,0,13.6,7,raisins,1.67,3,1,0,1,0,0,0,7.598688537333654
45,0.29,7.6,470.0,45.0,232.0,0.9955,8.35,0.62,10.0,0,12.4,7,raisins,1.5,3,1,0,1,0,0,0,7.696921697100006
46,0.26,4.1,730.0,36.0,202.0,0.9956,8.3,0.67,9.5,0,13.4,7,chocolate,1.0,3,1,1,0,0,0,0,7.759619299658578
47,0.34,2.6,370.0,33.0,125.0,0.9923,8.1,0.49,11.1,0,15.0,7,"chocolate, oats",1.1,3,1,1,0,1,0,0,8.130436495656372
48,0.38,14.8,540.0,32.0,126.0,1.0002,8.22,0.5,9.7,0,16.6,7,chocolate,1.53,3,1,1,0,0,0,0,7.883202192066964
49,0.33,4.7,590.0,31.0,118.0,0.9956,8.43,0.39,9.0,0,13.6,7,"chocolate, oats",1.81,3,1,1,0,1,0,0,7.415358009120471
50,0.69,10.2,410.0,58.0,160.0,0.9977,8.06,0.45,8.6,0,14.6,7,raisins,1.81,3,1,0,1,0,0,0,7.1603071117853325
51,0.34,8.3,370.0,33.0,216.0,0.9976,8.31,0.64,9.7,0,16.2,7,"nuts, chocolate",1.97,3,1,1,0,0,1,0,7.564868142008084
52,0.32,1.1,310.0,15.0,151.0,0.9936,8.03,0.41,10.6,0,18.2,7,chocolate,1.61,3,1,1,0,0,0,0,7.94430564021587
53,0.3,4.8,370.0,37.0,171.0,0.9967,8.47,0.44,9.0,0,15.8,7,"chocolate, oats",1.87,3,1,1,0,1,0,0,7.480050383867603
54,0.29,16.85,540.0,23.0,135.0,0.9998,8.16,0.38,9.0,0,15.6,7,raisins,1.41,3,1,0,1,0,0,0,7.333478367611537
55,0.33,2.0,450.0,31.0,101.0,0.9931,8.42,0.55,11.4,0,14.8,7,chocolate,1.7,3,1,1,0,0,0,0,8.3003640846924
56,0.46,15.55,370.0,61.0,171.0,0.9986,7.94,0.35,8.8,0,14.0,7,chocolate,1.8,3,1,1,0,0,0,0,7.416779839789346
57,0.16,1.5,490.0,10.0,97.0,0.9917,8.48,0.44,10.7,0,10.0,7,raisins,1.36,3,1,0,1,0,0,0,7.723972393913197
58,0.42,1.15,330.0,18.0,96.0,0.9911,8.2,0.32,12.4,0,16.6,7,raisins,1.81,3,1,0,1,0,0,0,8.253613765380042
59,0.37,4.5,300.0,40.0,114.0,0.992,8.17,0.54,12.4,0,15.8,7,"nuts, chocolate",1.46,3,1,1,0,0,1,0,8.307708240691621
60,0.38,6.8,360.0,64.0,245.0,0.9951,8.06,0.36,9.3,0,12.4,7,chocolate,2.0,3,1,1,0,0,0,0,7.490914989239325
61,0.33,1.5,470.0,44.0,167.0,0.9928,8.12,0.44,10.5,0,13.6,7,chocolate,1.95,3,1,1,0,0,0,0,7.899330602159008
62,0.23,2.0,290.0,13.0,151.0,0.9931,8.04,0.33,10.4,0,15.2,7,"nuts,raisins",1.4,3,1,0,1,0,1,0,7.281408373921305
63,0.32,1.7,320.0,30.0,130.0,0.9911,8.28,0.41,11.2,0,12.4,7,raisins,1.75,3,1,0,1,0,0,0,7.869068373084094
64,0.29,5.4,440.0,31.0,122.0,0.994,8.3,0.5,11.1,0,14.8,7,"nuts, chocolate",1.64,3,1,1,0,0,1,0,7.87634604462885
65,0.26,1.3,450.0,16.0,128.0,0.9934,8.36,0.6,10.0,0,13.2,7,chocolate,1.41,3,1,1,0,0,0,0,7.829587144837735
66,0.24,14.2,530.0,19.0,94.0,0.9982,8.17,0.5,9.6,0,13.8,7,chocolate,1.57,3,1,1,0,0,0,0,7.78188105351629
67,0.49,7.1,500.0,67.0,210.0,0.9951,8.23,0.34,9.5,0,12.6,7,chocolate,1.77,3,1,1,0,0,0,0,7.552107714038019
68,0.49,1.2,610.0,27.0,117.0,0.9938,8.08,0.34,9.4,0,16.0,7,chocolate,1.31,3,1,1,0,0,0,0,7.473511525398212
69,0.74,4.45,440.0,33.0,130.0,0.9924,8.25,0.42,12.2,0,16.6,7,chocolate,1.95,3,1,1,0,0,0,0,8.49342829480339
70,0.49,5.4,480.0,54.0,164.0,0.9946,8.56,0.44,10.8,0,12.8,7,"chocolate, oats",1.01,3,1,1,0,1,0,0,8.066944318345879
71,0.49,3.0,300.0,30.0,96.0,0.9903,8.13,0.39,12.3,0,14.2,7,chocolate,1.68,3,1,1,0,0,0,0,8.444257111800997
72,0.24,3.6,570.0,13.0,85.0,0.9942,7.99,0.48,9.5,0,13.8,7,chocolate,1.38,3,1,1,0,0,0,0,7.604038790979704
73,0.49,1.6,500.0,17.0,131.0,0.9956,8.13,0.34,9.4,0,17.8,7,raisins,1.45,3,1,0,1,0,0,0,7.319514117743797
74,0.49,1.0,390.0,46.0,131.0,0.993,8.09,0.51,10.5,0,18.0,7,"chocolate, oats",1.45,3,1,1,0,1,0,0,7.946397879832784
75,0.24,1.8,530.0,6.0,121.0,0.993,8.23,0.7,11.4,0,13.8,7,chocolate,1.54,3,1,1,0,0,0,0,8.384062880795366
76,0.49,1.0,440.0,29.0,118.0,0.9928,8.24,0.36,10.9,0,16.4,7,chocolate,1.83,3,1,1,0,0,0,0,7.998530660418059
77,0.49,1.3,460.0,27.0,142.0,0.9936,8.09,0.59,10.2,0,15.6,7,chocolate,1.99,3,1,1,0,0,0,0,7.903069060302695
78,0.49,7.7,490.0,53.0,217.0,0.996,8.16,0.4,9.3,0,13.2,7,raisins,1.68,3,1,0,1,0,0,0,7.330885180180726
79,0.49,1.4,470.0,30.0,114.0,0.9914,7.92,0.42,10.8,0,13.4,7,chocolate,1.67,3,1,1,0,0,0,0,7.951466137369923
80,0.46,15.4,590.0,32.0,177.0,1.0004,8.27,0.58,9.0,0,16.2,7,chocolate,1.03,3,1,1,0,0,0,0,7.681316845937776
81,0.34,5.9,550.0,33.0,128.0,0.9927,7.95,0.51,11.8,0,17.6,7,raisins,1.67,3,1,0,1,0,0,0,8.197330855486964
82,0.2,6.6,450.0,42.0,170.0,0.9944,8.36,0.45,10.4,0,12.4,7,raisins,1.78,3,1,0,1,0,0,0,7.708243989273566
83,0.28,14.4,550.0,55.0,205.0,0.9986,8.12,0.38,9.0,0,14.4,7,chocolate,1.02,3,1,1,0,0,0,0,7.506954303760981
84,0.26,1.55,410.0,118.5,216.0,0.9949,8.55,0.63,9.4,0,13.4,7,chocolate,1.75,3,1,1,0,0,0,0,7.677316248175433
85,0.3,4.2,400.0,41.0,213.0,0.9927,8.28,0.49,11.8,0,14.0,7,chocolate,1.29,3,1,1,0,0,0,0,8.398171152957271
86,0.3,4.2,400.0,41.0,213.0,0.9927,8.28,0.49,11.8,0,14.0,7,chocolate,1.21,3,1,1,0,0,0,0,8.398171152957271
87,0.3,1.8,430.0,25.0,121.0,0.9944,8.44,0.61,10.2,0,13.4,7,chocolate,1.72,3,1,1,0,0,0,0,7.940633127298565
88,0.36,11.1,330.0,43.0,208.0,0.9969,8.14,0.46,10.3,0,15.8,7,chocolate,1.11,3,1,1,0,0,0,0,7.971241155409611
89,0.34,1.6,400.0,43.0,148.0,0.9912,8.32,0.59,11.5,0,13.0,7,"chocolate, oats",1.87,3,1,1,0,1,0,0,8.298260179363783
90,0.31,6.0,460.0,29.0,108.0,0.9939,8.26,0.5,10.8,0,14.0,7,chocolate,1.53,3,1,1,0,0,0,0,8.078997455442543
91,0.33,1.7,500.0,28.0,178.0,0.9954,8.16,0.43,9.0,0,18.6,7,chocolate,1.69,3,1,1,0,0,0,0,7.432050557627139
92,0.48,2.7,520.0,24.0,190.0,0.995,8.5,0.45,10.9,0,16.4,7,"chocolate, oats",1.34,3,1,1,0,1,0,0,8.122119062077747
93,0.44,14.5,450.0,68.0,212.0,0.9986,8.48,0.36,10.0,0,15.2,7,"nuts, chocolate",1.21,3,1,1,0,0,1,0,7.544212747499824
94,0.3,1.1,310.0,40.0,99.0,0.9929,7.94,0.3,10.4,0,18.4,7,chocolate,1.67,3,1,1,0,0,0,0,7.785035443656692
95,0.3,9.6,570.0,50.0,185.0,0.9978,8.39,0.38,9.6,0,13.8,7,"chocolate, oats",1.44,3,1,1,0,1,0,0,7.699339193837897
96,0.29,4.8,500.0,33.0,87.0,0.994,8.14,0.42,9.9,0,15.0,7,chocolate,1.72,3,1,1,0,0,0,0,7.708338702076265
97,0.28,2.5,460.0,40.0,153.0,0.9921,8.38,0.51,11.4,0,13.4,7,"chocolate, oats",1.01,3,1,1,0,1,0,0,8.244714479195682
98,0.3,10.9,370.0,18.0,112.0,0.997,8.4,0.5,9.6,0,14.6,7,chocolate,1.1,3,1,1,0,0,0,0,7.742923996526255
99,0.22,1.7,510.0,50.0,179.0,0.9955,8.28,0.69,8.9,0,14.8,7,raisins,1.74,3,1,0,1,0,0,0,7.337176319368819
100,0.28,4.5,460.0,33.0,102.0,0.9918,8.16,0.56,12.2,0,15.4,7,"nuts, chocolate",1.63,3,1,1,0,0,1,0,8.240022673061251
101,0.35,14.0,690.0,42.0,163.0,0.999,8.56,0.47,9.8,0,13.2,7,chocolate,1.57,3,1,1,0,0,0,0,7.863248801807099
102,0.36,1.8,340.0,43.0,150.0,0.9922,8.42,0.69,11.0,0,12.8,7,"chocolate, oats",1.93,3,1,1,0,1,0,0,8.206724320698338
103,0.26,9.25,340.0,73.0,142.0,0.9945,8.05,0.37,11.4,0,17.0,7,chocolate,1.5,3,1,1,0,0,0,0,8.241479723491555
104,0.27,9.05,390.0,37.0,128.0,0.9936,8.27,0.34,11.3,0,13.8,7,chocolate,1.49,3,1,1,0,0,0,0,8.158480177011317
105,0.21,7.1,400.0,35.0,162.0,0.9956,8.39,0.58,9.9,0,12.8,7,chocolate,1.46,3,1,1,0,0,0,0,7.853023010083039
106,0.22,10.2,490.0,57.0,191.0,0.9966,8.08,0.4,9.3,0,15.2,7,raisins,1.51,3,1,0,1,0,0,0,7.350363708675747
107,0.21,1.5,490.0,39.0,184.0,0.9928,8.18,0.41,9.9,0,13.2,7,raisins,1.87,3,1,0,1,0,0,0,7.451152304112153
108,0.23,6.3,510.0,35.0,240.0,0.9963,8.36,0.54,10.0,0,14.6,7,"chocolate, oats",1.41,3,1,1,0,1,0,0,7.88895527888948
109,0.24,15.1,300.0,34.0,153.0,0.9953,8.13,0.51,12.0,0,14.8,7,"nuts, chocolate",1.91,3,1,1,0,0,1,0,8.251880262974733
110,0.33,1.0,540.0,24.0,164.0,0.9926,8.42,0.51,10.5,0,13.8,7,"chocolate, oats",1.1,3,1,1,0,1,0,0,7.933412194169438
111,0.2,11.5,490.0,44.0,157.0,0.998,8.27,0.44,9.0,0,14.8,7,"nuts, chocolate",1.21,3,1,1,0,0,1,0,7.207177899342145
112,0.42,1.6,560.0,34.0,181.0,0.9968,8.11,0.46,10.0,0,20.0,7,"raisins, oats",1.16,3,1,0,1,1,0,0,7.646383610152487
113,0.3,7.8,490.0,57.0,202.0,0.9958,8.24,0.39,9.5,0,13.2,7,chocolate,1.91,3,1,1,0,0,0,0,7.603814403121813
114,0.4,17.85,490.0,50.0,185.0,1.0,8.34,0.42,9.6,0,14.4,7,chocolate,2.0,3,1,1,0,0,0,0,7.793945856324658
115,0.42,14.3,450.0,45.0,213.0,0.9991,8.18,0.63,9.2,0,15.4,7,raisins,1.04,3,1,0,1,0,0,0,7.528447534033223
116,0.33,10.3,390.0,73.0,212.0,0.9969,7.93,0.49,9.5,0,15.8,7,chocolate,1.33,3,1,1,0,0,0,0,7.6974885170418865
117,0.33,10.3,390.0,73.0,212.0,0.9969,7.93,0.49,9.5,0,15.8,7,chocolate,1.78,3,1,1,0,0,0,0,7.6974885170418865
118,0.36,5.7,380.0,26.0,98.0,0.9914,7.93,0.59,12.5,0,14.4,7,raisins,1.41,3,1,0,1,0,0,0,8.456247131395333
119,0.3,2.1,490.0,21.0,153.0,0.9953,8.09,0.5,9.6,0,16.6,7,chocolate,1.36,3,1,1,0,0,0,0,7.6877348324570285
120,0.26,1.3,410.0,20.0,71.0,0.9926,8.04,0.74,9.9,0,14.2,7,"chocolate, oats",1.37,3,1,1,0,1,0,0,7.848371932961324
121,0.34,9.3,620.0,40.0,126.0,0.9966,8.21,0.39,9.6,0,15.2,7,"chocolate, oats",1.76,3,1,1,0,1,0,0,7.666178484682451
122,0.27,1.7,280.0,10.0,59.0,0.9923,7.97,0.48,10.4,0,16.4,7,raisins,1.04,3,1,0,1,0,0,0,7.657458183044756
123,0.36,1.6,400.0,25.0,87.0,0.9924,8.23,0.66,10.3,0,13.6,7,chocolate,1.22,3,1,1,0,0,0,0,7.941079148388692
124,0.27,4.6,800.0,34.0,172.0,0.9938,8.23,0.39,11.1,0,14.6,7,"chocolate, oats",1.15,3,1,1,0,1,0,0,8.121169338548054
125,0.35,1.2,310.0,27.0,84.0,0.9928,8.33,0.34,9.9,0,14.4,7,"chocolate, oats",1.59,3,1,1,0,1,0,0,7.623010862409526
126,0.32,7.6,520.0,35.0,143.0,0.9959,8.14,0.38,9.0,0,13.6,7,raisins,1.92,3,1,0,1,0,0,0,7.206867932393909
127,0.3,7.8,490.0,39.0,152.0,0.9954,7.99,0.58,10.0,0,16.2,7,chocolate,1.58,3,1,1,0,0,0,0,7.882922877485296
128,0.42,1.1,510.0,61.0,197.0,0.9932,8.02,0.4,9.0,0,11.4,7,"nuts, chocolate",1.31,3,1,1,0,0,1,0,7.0281642800436295
129,0.31,1.4,460.0,37.0,135.0,0.9939,8.34,0.57,10.2,0,14.4,7,"chocolate, oats",1.34,3,1,1,0,1,0,0,7.901215628881037
130,0.46,1.4,460.0,34.0,185.0,0.9966,8.02,0.49,10.2,0,19.8,7,peanut butter,1.94,3,1,0,0,0,0,1,7.064190842364159
131,0.38,4.3,440.0,49.0,172.0,0.996,8.37,0.74,10.8,0,16.2,7,chocolate,1.63,3,1,1,0,0,0,0,8.286284653205197
132,0.13,17.2,360.0,49.0,219.0,0.9996,7.96,0.46,9.7,0,16.0,7,chocolate,1.53,3,1,1,0,0,0,0,7.840538272233591
133,0.31,1.0,240.0,13.0,91.0,0.993,7.79,0.37,10.1,0,17.0,7,"chocolate, oats",1.92,3,1,1,0,1,0,0,7.7196781692128305
134,0.42,6.9,460.0,50.0,173.0,0.9958,8.19,0.46,9.0,0,13.6,7,raisins,1.15,3,1,0,1,0,0,0,7.249992293654767
135,0.3,3.2,300.0,49.0,164.0,0.9927,8.53,0.79,11.7,0,12.6,7,"nuts, chocolate",1.61,3,1,1,0,0,1,0,8.220592914829606
136,0.5,12.8,420.0,57.0,184.0,0.9984,8.09,0.46,9.0,0,15.0,7,raisins,1.43,3,1,0,1,0,0,0,7.334399250466522
137,0.3,14.2,560.0,53.0,212.5,0.999,8.14,0.46,8.9,0,15.2,7,chocolate,1.75,3,1,1,0,0,0,0,7.5299180618670825
138,0.33,14.6,430.0,47.0,168.0,0.9994,8.34,0.67,8.8,0,14.0,7,chocolate,1.65,3,1,1,0,0,0,0,7.628234341822822
139,0.33,14.6,430.0,47.0,168.0,0.9994,8.34,0.67,8.8,0,14.0,7,chocolate,1.28,3,1,1,0,0,0,0,7.628234341822822
140,0.3,8.1,260.0,14.0,71.0,0.993,7.94,0.36,11.8,0,18.0,7,"nuts,raisins",1.77,3,1,0,1,0,1,0,7.80504893928433
141,0.3,8.1,260.0,14.0,71.0,0.993,7.94,0.36,11.8,0,18.0,7,"nuts,raisins",1.21,3,1,0,1,0,1,0,7.80504893928433
142,0.35,0.6,420.0,11.0,71.0,0.9926,8.08,0.38,10.6,0,17.4,7,chocolate,1.58,3,1,1,0,0,0,0,7.894452382553741
143,0.27,4.8,280.0,22.0,104.0,0.9948,8.34,0.45,9.2,0,11.2,7,"chocolate, oats",1.57,3,1,1,0,1,0,0,7.496950145269157
144,0.43,9.2,460.0,22.0,126.0,0.9982,8.38,0.47,9.3,0,16.6,7,raisins,1.38,3,1,0,1,0,0,0,7.442880886171242
145,0.44,6.6,520.0,28.0,156.0,0.9955,8.14,0.41,9.6,0,13.6,7,raisins,1.29,3,1,0,1,0,0,0,7.429627551637939
146,0.27,18.15,420.0,41.0,146.0,1.0001,8.3,0.36,8.7,0,13.6,7,chocolate,1.31,3,1,1,0,0,0,0,7.434879798627545
147,0.31,4.9,310.0,20.0,151.0,0.9926,8.36,0.82,12.0,0,13.4,7,raisins,1.69,3,1,0,1,0,0,0,8.446556637411195
148,0.33,1.8,360.0,23.0,96.0,0.9925,8.32,0.4,10.8,0,13.4,7,chocolate,1.36,3,1,1,0,0,0,0,7.975584077274956
149,0.25,1.6,300.0,25.0,126.0,0.9901,8.22,0.34,12.1,0,14.2,7,raisins,1.29,3,1,0,1,0,0,0,8.12356411618904
150,0.3,1.3,570.0,25.0,173.0,0.9948,8.26,0.51,9.1,0,14.6,7,raisins,1.1,3,1,0,1,0,0,0,7.282902528903268
151,0.26,5.2,400.0,31.0,140.0,0.995,8.26,0.68,9.5,0,13.0,7,"chocolate, oats",1.73,3,1,1,0,1,0,0,7.745937118998146
152,0.27,5.6,430.0,43.0,164.0,0.9953,8.27,0.76,9.5,0,13.2,7,chocolate,1.86,3,1,1,0,0,0,0,7.8020471659223425
153,0.19,8.0,440.0,51.0,172.0,0.9964,8.16,0.44,9.2,0,14.4,7,chocolate,1.98,3,1,1,0,0,0,0,7.543096540087962
154,0.19,7.7,450.0,53.0,176.0,0.9958,8.17,0.38,9.5,0,14.4,7,chocolate,1.79,3,1,1,0,0,0,0,7.598018055287223
155,0.4,8.9,480.0,33.0,146.0,0.9988,8.4,0.46,9.3,0,16.8,7,chocolate,1.74,3,1,1,0,0,0,0,7.668996059971153
156,0.31,10.7,380.0,59.0,186.0,0.9969,8.12,0.55,9.5,0,15.4,7,chocolate,1.41,3,1,1,0,0,0,0,7.732266604049411
157,0.25,17.1,500.0,44.0,138.0,1.0001,8.3,0.37,8.8,0,13.0,7,chocolate,1.19,3,1,1,0,0,0,0,7.477068856696075
158,0.32,3.1,410.0,18.0,126.0,0.9914,8.43,0.42,12.0,0,12.8,7,chocolate,1.38,3,1,1,0,0,0,0,8.388178660177157
159,0.28,4.9,350.0,36.0,109.0,0.9918,8.19,0.58,12.2,0,15.4,7,raisins,1.46,3,1,0,1,0,0,0,8.354258338522282
160,0.27,2.1,300.0,22.0,162.0,0.9914,7.99,0.68,11.9,0,16.6,7,chocolate,1.34,3,1,1,0,0,0,0,8.502490993642478
161,0.26,7.1,540.0,41.0,224.0,0.9966,8.38,0.55,10.1,0,14.4,7,"chocolate, oats",1.82,3,1,1,0,1,0,0,7.940883601205524
162,0.52,13.2,470.0,64.0,179.0,0.9982,8.1,0.46,9.0,0,15.0,7,chocolate,1.21,3,1,1,0,0,0,0,7.540339400774325
163,0.32,2.7,370.0,18.0,89.0,0.9924,8.4,0.74,11.5,0,13.0,7,"chocolate, oats",1.63,3,1,1,0,1,0,0,8.424162453872622
164,0.31,10.0,540.0,49.0,165.0,0.997,8.4,0.42,9.9,0,14.4,7,chocolate,1.22,3,1,1,0,0,0,0,7.805731344551365
165,0.35,15.3,560.0,31.0,117.0,0.9998,8.27,0.5,9.6,0,15.4,7,chocolate,1.15,3,1,1,0,0,0,0,7.833823796169678
166,0.33,2.1,520.0,15.0,76.0,0.993,8.2,0.41,10.6,0,14.0,7,chocolate,1.65,3,1,1,0,0,0,0,7.924827111720848
167,0.39,1.9,540.0,23.0,91.0,0.9941,8.27,0.45,10.3,0,15.0,7,"chocolate, oats",1.27,3,1,1,0,1,0,0,7.874545007931591
168,0.45,8.6,520.0,34.0,187.0,0.9994,8.12,0.59,10.2,0,19.6,7,"raisins, oats",1.06,3,1,0,1,1,0,0,7.878928509281746
169,0.28,18.8,280.0,55.0,130.0,0.998,7.96,0.35,11.6,0,16.8,7,chocolate,1.17,3,1,1,0,0,0,0,8.416297197844525
170,0.3,12.8,530.0,48.5,229.0,0.9986,8.14,0.49,9.1,0,14.8,7,"chocolate, oats",1.57,3,1,1,0,1,0,0,7.607106840175373
171,0.25,3.8,440.0,30.0,114.0,0.992,8.11,0.4,11.0,0,14.8,7,chocolate,1.84,3,1,1,0,0,0,0,8.032137390663639
172,0.24,6.6,400.0,38.0,141.0,0.995,8.22,0.47,9.5,0,12.6,7,raisins,1.09,3,1,0,1,0,0,0,7.411780821332339
173,0.35,10.7,370.0,34.0,145.0,0.9981,8.09,0.32,9.7,0,18.4,7,chocolate,1.54,3,1,1,0,0,0,0,7.7106930813118275
174,0.26,1.1,370.0,20.0,71.0,0.9902,8.1,0.38,11.7,0,14.0,7,chocolate,1.33,3,1,1,0,0,0,0,8.216858081146963
175,0.35,1.5,390.0,24.0,125.0,0.9918,8.17,0.64,12.2,0,14.0,7,raisins,1.03,3,1,0,1,0,0,0,8.389036425529806
176,0.29,1.4,470.0,23.0,107.0,0.9939,8.52,0.65,10.4,0,14.8,7,"chocolate, oats",1.53,3,1,1,0,1,0,0,8.020371832025607
177,0.34,13.8,410.0,32.0,161.0,0.9981,8.13,0.4,9.9,0,17.0,7,chocolate,1.66,3,1,1,0,0,0,0,7.82984928445639
178,0.28,10.8,510.0,25.0,157.0,0.9957,8.06,0.47,11.4,0,16.0,7,"nuts, chocolate",1.1,3,1,1,0,0,1,0,8.02332429589612
179,0.35,9.2,340.0,42.0,150.0,0.9947,8.21,0.36,11.5,0,13.8,7,chocolate,1.36,3,1,1,0,0,0,0,8.278568928722567
180,0.31,2.8,540.0,16.0,89.0,0.99416,7.96,0.45,9.5,0,16.8,7,chocolate,1.08,3,1,1,0,0,0,0,7.585351178909608
181,0.35,1.6,490.0,10.0,164.0,0.99516,8.35,0.51,9.7,0,13.0,7,raisins,1.23,3,1,0,1,0,0,0,7.512945907403893
182,0.42,8.5,480.0,10.0,147.0,0.9974,8.32,0.46,9.5,0,13.8,7,"nuts, chocolate",1.17,3,1,1,0,0,1,0,7.381255617685969
183,0.18,8.2,420.0,41.0,180.0,0.99644,8.16,0.49,9.1,0,14.4,7,chocolate,1.46,3,1,1,0,0,0,0,7.536984137593297
184,0.19,7.8,400.0,48.0,184.0,0.99579,8.16,0.5,9.4,0,14.2,7,chocolate,1.87,3,1,1,0,0,0,0,7.630856876926753
185,0.2,14.9,600.0,37.0,162.0,0.9983,8.13,0.45,9.0,0,12.8,7,raisins,1.71,3,1,0,1,0,0,0,7.325356481216094
186,0.29,1.7,470.0,16.0,100.0,0.99243,8.28,0.45,10.6,0,14.8,7,chocolate,1.68,3,1,1,0,0,0,0,7.929507900988927
187,0.18,7.7,480.0,45.0,186.0,0.9962,8.23,0.47,9.0,0,12.6,7,chocolate,1.46,3,1,1,0,0,0,0,7.481207320292182
188,0.54,17.3,600.0,46.0,235.0,1.0018200000000002,8.08,0.61,8.8,0,18.4,7,raisins,1.52,3,1,0,1,0,0,0,7.459586659939074
189,0.35,1.4,390.0,24.0,128.0,0.99212,7.97,0.68,10.4,0,14.2,7,"chocolate, oats",1.53,3,1,1,0,1,0,0,7.979974574327475
190,0.54,1.4,1570.0,34.0,132.0,0.99449,8.11,0.53,9.0,0,14.4,7,raisins,1.3,3,1,0,1,0,0,0,7.248038607949415
191,0.21,15.7,560.0,49.0,159.0,0.99827,8.11,0.48,9.0,0,13.8,7,raisins,1.79,3,1,0,1,0,0,0,7.341771598295107
192,0.3,1.3,330.0,25.0,91.0,0.99268,8.53,0.39,10.6,0,14.8,7,"chocolate, oats",1.27,3,1,1,0,1,0,0,7.902845867520998
193,0.52,1.3,1480.0,45.0,149.0,0.99468,8.08,0.56,8.7,0,14.2,7,"nuts, chocolate",1.42,3,1,1,0,0,1,0,7.059774751649595
194,0.25,1.3,470.0,20.0,77.0,0.9933,8.61,0.54,10.2,0,12.8,7,"chocolate, oats",1.82,3,1,1,0,1,0,0,7.864348056882253
195,0.22,1.3,460.0,18.0,66.0,0.99307,8.61,0.55,10.3,0,12.6,7,"chocolate, oats",1.13,3,1,1,0,1,0,0,7.899070345694351
196,0.26,15.6,490.0,67.0,210.0,0.99907,8.06,0.68,9.5,0,14.8,7,raisins,1.12,3,1,0,1,0,0,0,7.665633477483215
197,0.26,15.6,490.0,67.0,210.0,0.99907,8.06,0.68,9.5,0,14.8,7,raisins,1.56,3,1,0,1,0,0,0,7.665633477483215
198,0.28,6.5,370.0,26.0,97.0,0.99148,8.16,0.58,12.6,0,14.6,7,"nuts, chocolate",1.98,3,1,1,0,0,1,0,8.386797661135493
199,0.28,2.7,470.0,38.0,150.0,0.99365,8.1,0.56,10.8,0,17.2,7,"chocolate, oats",1.23,3,1,1,0,1,0,0,8.105659488910465
200,0.42,10.6,420.0,66.0,202.0,0.99674,8.24,0.53,9.5,0,13.0,7,chocolate,1.73,3,1,1,0,0,0,0,7.715479634114889
201,0.18,3.5,270.0,23.0,109.0,0.99018,8.34,0.54,12.8,0,12.6,7,"nuts, chocolate",1.12,3,1,1,0,0,1,0,8.39419421185914
202,0.33,2.3,430.0,28.0,125.0,0.99084,8.34,0.44,12.6,0,14.6,7,raisins,1.88,3,1,0,1,0,0,0,8.387514664181783
203,0.2,1.4,600.0,15.0,168.0,0.9944,8.06,0.4,9.4,0,15.0,7,"nuts, chocolate",1.06,3,1,1,0,0,1,0,7.212692177969412
204,0.3,5.0,400.0,40.0,143.0,0.99173,8.33,0.42,12.2,0,14.0,7,raisins,1.58,3,1,0,1,0,0,0,8.259244278177807
205,0.55,14.6,530.0,34.0,159.0,0.99805,7.93,0.44,9.2,0,13.6,7,chocolate,1.46,3,1,1,0,0,0,0,7.596662493449269
206,0.62,10.6,450.0,51.0,153.0,0.99779,8.16,0.44,8.8,0,15.0,7,chocolate,1.48,3,1,1,0,0,0,0,7.442650956832349
207,0.35,9.8,670.0,61.0,180.0,0.9972,8.15,0.57,9.0,0,13.0,7,chocolate,1.05,3,1,1,0,0,0,0,7.571635012796417
208,0.22,13.3,480.0,46.0,212.0,0.99942,8.47,0.59,10.0,0,15.8,7,raisins,1.71,3,1,0,1,0,0,0,7.806792373097043
209,0.29,1.7,350.0,39.0,144.0,0.9927,8.49,0.5,10.5,0,13.0,7,"chocolate, oats",1.17,3,1,1,0,1,0,0,7.930862267750694
210,0.26,12.6,530.0,44.0,182.0,0.99802,8.42,0.42,9.7,0,13.4,7,chocolate,1.26,3,1,1,0,0,0,0,7.7660594225250215
211,0.73,7.2,990.0,47.0,202.0,0.99582,8.21,0.43,9.2,0,12.4,7,"nuts, chocolate",1.31,3,1,1,0,0,1,0,7.203394985110183
212,0.18,3.0,360.0,5.0,85.0,0.99125,8.28,0.4,11.5,0,12.0,7,raisins,1.14,3,1,0,1,0,0,0,7.977319788075068
213,0.34,1.5,910.0,42.0,135.0,0.9938,8.25,0.49,9.6,0,12.8,7,"chocolate, oats",1.29,3,1,1,0,1,0,0,7.633242163384889
214,0.25,17.75,470.0,25.0,218.0,1.00016,7.98,0.66,9.1,0,16.8,7,raisins,1.21,3,1,0,1,0,0,0,7.5438559343109155
215,0.42,2.0,470.0,16.0,104.0,0.99517,8.09,0.66,10.0,0,18.4,7,"chocolate, oats",1.18,3,1,1,0,1,0,0,7.921826890905567
216,0.49,2.0,440.0,18.0,107.0,0.99514,8.1,0.53,10.2,0,18.4,7,"chocolate, oats",1.26,3,1,1,0,1,0,0,7.918285863099062
217,0.28,8.2,380.0,72.0,202.0,0.99566,8.12,0.56,10.0,0,16.0,7,chocolate,1.96,3,1,1,0,0,0,0,7.879770877497297
218,0.41,19.35,700.0,67.0,207.0,1.00118,8.39,0.53,9.1,0,12.2,7,raisins,1.28,3,1,0,1,0,0,0,7.501616910902822
219,0.18,7.7,960.0,28.0,210.0,0.99771,8.56,0.72,9.2,0,12.4,7,"nuts, chocolate",1.65,3,1,1,0,0,1,0,7.4328464370725165
220,0.18,7.7,960.0,28.0,210.0,0.99771,8.56,0.72,9.2,0,12.4,7,"nuts, chocolate",1.02,3,1,1,0,0,1,0,7.4328464370725165
221,0.17,8.3,420.0,61.0,195.0,0.99577,8.22,0.46,9.4,0,12.8,7,chocolate,1.06,3,1,1,0,0,0,0,7.607022201305238
222,0.17,8.4,440.0,60.0,198.0,0.99578,8.21,0.47,9.4,0,12.8,7,chocolate,1.17,3,1,1,0,0,0,0,7.613143191281406
223,0.27,17.5,450.0,48.0,253.0,1.00014,8.02,0.56,9.1,0,16.6,7,chocolate,1.57,3,1,1,0,0,0,0,7.697676164821363
224,0.35,5.6,340.0,9.0,148.0,0.99441,8.17,0.5,9.8,0,12.8,7,raisins,1.91,3,1,0,1,0,0,0,7.519194109184479
225,0.34,2.6,510.0,40.5,210.0,0.99314,8.15,0.61,10.0,0,13.2,7,raisins,1.36,3,1,0,1,0,0,0,7.614509803851664
226,0.26,8.2,420.0,21.0,133.0,0.99612,8.43,0.64,9.8,0,13.0,7,chocolate,1.31,3,1,1,0,0,0,0,7.868289778218976
227,0.15,10.0,370.0,38.0,157.0,0.99642,8.28,0.52,9.4,0,13.2,7,"nuts,raisins",1.76,3,1,0,1,0,1,0,7.135393071444877
228,0.36,7.4,370.0,36.0,156.0,0.99592,8.19,0.54,10.6,0,16.2,7,raisins,1.56,3,1,0,1,0,0,0,7.882542145773439
229,0.23,10.3,320.0,12.0,97.0,0.99571,8.13,0.4,10.7,0,17.6,7,chocolate,1.19,3,1,1,0,0,0,0,8.043401494489377
230,0.21,15.55,430.0,20.0,142.0,0.99658,8.11,0.54,10.1,0,12.0,7,chocolate,1.48,3,1,1,0,0,0,0,7.934437969087764
231,0.24,5.3,750.0,49.0,201.0,0.99466,8.21,0.43,9.5,0,12.0,7,chocolate,1.83,3,1,1,0,0,0,0,7.589990590319619
232,0.23,12.7,540.0,20.0,139.0,0.99836,8.16,0.5,9.7,0,15.2,7,raisins,1.27,3,1,0,1,0,0,0,7.611035044876086
233,0.36,18.1,460.0,32.0,133.0,1.0,8.27,0.48,8.8,0,13.6,7,chocolate,1.42,3,1,1,0,0,0,0,7.537582261460688
234,0.4,6.4,390.0,39.0,191.0,0.99513,8.14,0.52,9.8,0,12.8,7,raisins,1.69,3,1,0,1,0,0,0,7.554161039047674
235,0.31,5.2,320.0,36.0,140.0,0.99166,8.35,0.47,12.3,0,14.2,7,raisins,1.4,3,1,0,1,0,0,0,8.322346232593599
236,0.3,4.7,290.0,34.0,148.0,0.99165,8.36,0.49,12.3,0,13.8,7,raisins,1.07,3,1,0,1,0,0,0,8.333614286121186
237,0.29,11.3,340.0,61.0,224.0,0.99683,8.14,0.56,9.5,0,14.6,7,"nuts,raisins",1.69,3,1,0,1,0,1,0,7.2082815008220855
238,0.33,1.4,290.0,35.0,138.0,0.99114,8.36,0.6,11.5,0,13.0,7,"chocolate, oats",1.85,3,1,1,0,1,0,0,8.302108674348869
239,0.3,1.7,430.0,19.0,95.0,0.99207,8.17,0.46,10.7,0,13.6,7,chocolate,1.71,3,1,1,0,0,0,0,7.960009841960446
240,0.14,8.6,320.0,30.0,142.0,0.99542,8.28,0.44,9.5,0,11.8,7,chocolate,1.15,3,1,1,0,0,0,0,7.620459740914566
241,0.34,12.1,300.0,34.0,177.0,0.99706,8.13,0.47,10.6,0,18.0,7,chocolate,2.0,3,1,1,0,0,0,0,8.091409908211343
242,0.25,17.3,460.0,15.0,110.0,0.99828,8.15,0.42,9.2,0,13.0,7,chocolate,1.41,3,1,1,0,0,0,0,7.592536567036515
243,0.14,4.8,520.0,27.0,128.0,0.99475,8.21,0.48,9.4,0,12.4,7,raisins,1.87,3,1,0,1,0,0,0,7.3730684053933935
244,0.64,12.9,330.0,54.0,170.0,0.998,8.0,0.53,8.8,0,15.2,7,chocolate,1.99,3,1,1,0,0,0,0,7.501635572316889
245,0.16,14.9,480.0,59.0,240.0,0.99902,8.13,0.45,8.9,0,14.6,7,raisins,1.63,3,1,0,1,0,0,0,7.3123380051761835
246,0.36,7.0,430.0,60.0,207.0,0.99556,8.16,0.49,9.6,0,13.6,7,chocolate,1.8,3,1,1,0,0,0,0,7.690379180303612
247,0.24,8.6,340.0,25.0,135.0,0.99582,8.33,0.59,10.3,0,13.2,7,chocolate,1.24,3,1,1,0,0,0,0,8.011532325968208
248,0.42,10.4,380.0,85.0,182.0,0.99628,8.04,0.44,8.9,0,13.4,7,"chocolate, oats",1.35,3,1,1,0,1,0,0,7.430022703687154
249,0.4,10.0,390.0,74.0,227.0,0.99582,8.18,0.5,9.4,0,13.0,7,chocolate,1.86,3,1,1,0,0,0,0,7.631830803351509
250,0.26,18.95,530.0,36.0,174.0,0.99976,8.2,0.5,10.4,0,15.4,7,raisins,1.49,3,1,0,1,0,0,0,7.911233916335352
251,0.3,12.8,620.0,19.0,171.0,0.99808,8.0,0.52,9.0,0,13.6,7,"chocolate, oats",1.55,3,1,1,0,1,0,0,7.571221782082848
252,0.1,1.4,680.0,25.0,154.0,0.99499,8.2,0.48,9.7,0,14.4,7,"nuts, oats, chocolate",1.46,3,1,1,0,1,1,0,7.3873949777013515
253,0.32,8.2,240.0,53.0,209.0,0.99563,8.12,0.46,10.8,0,15.0,7,chocolate,1.52,3,1,1,0,0,0,0,8.111975154598166
254,0.46,11.1,530.0,44.0,177.0,0.99691,8.18,0.67,9.4,0,12.6,7,chocolate,1.88,3,1,1,0,0,0,0,7.765754709972104
255,0.41,14.2,390.0,47.0,129.0,0.99678,8.28,0.72,10.3,0,13.0,7,"chocolate, oats",1.74,3,1,1,0,1,0,0,8.118050493409871
256,0.28,20.4,410.0,40.0,144.0,1.0002,8.14,0.38,8.7,0,13.0,7,chocolate,1.04,3,1,1,0,0,0,0,7.449718915712555
257,0.52,10.1,500.0,29.0,140.0,0.99628,8.07,0.4,9.4,0,13.2,7,raisins,1.41,3,1,0,1,0,0,0,7.376367870379003
258,0.0,1.3,440.0,72.0,197.0,0.99202,8.56,0.43,10.9,0,11.6,7,"nuts, oats, chocolate",1.89,3,1,1,0,1,1,0,7.6987070452853
259,0.36,1.2,460.0,9.0,71.0,0.99199,8.7,0.68,10.9,0,11.4,7,"chocolate, oats",1.45,3,1,1,0,1,0,0,8.157717777656568
260,0.31,2.3,180.0,45.0,80.0,0.98936,8.06,0.34,12.9,0,14.6,7,chocolate,1.56,3,1,1,0,0,0,0,8.603115272722814
261,0.22,5.95,810.0,76.0,303.0,0.99705,8.4,0.57,9.4,0,13.8,7,"nuts, chocolate",1.17,3,1,1,0,0,1,0,7.397260258677068
262,0.34,6.6,670.0,35.0,156.0,0.99542,8.11,0.48,9.3,0,13.4,7,raisins,1.07,3,1,0,1,0,0,0,7.358426718645564
263,0.34,6.6,300.0,36.0,91.0,0.9914,8.32,0.45,12.5,0,12.4,7,chocolate,1.71,3,1,1,0,0,0,0,8.587531254850592
264,0.25,1.6,360.0,28.0,143.0,0.99256,8.3,0.54,10.3,0,13.4,7,chocolate,1.3,3,1,1,0,0,0,0,7.876717248638993
265,0.32,1.2,240.0,20.0,166.0,0.99208,8.05,0.54,9.8,0,13.8,7,raisins,1.12,3,1,0,1,0,0,0,7.46673788153382
266,0.36,16.3,380.0,43.0,133.0,0.99924,8.26,0.41,8.8,0,13.0,7,chocolate,1.36,3,1,1,0,0,0,0,7.472335023858225
267,0.34,13.7,440.0,66.0,184.0,0.99976,8.22,0.75,8.9,0,15.6,7,chocolate,1.86,3,1,1,0,0,0,0,7.7226849518304626
268,0.29,1.1,280.0,18.0,69.0,0.99168,8.24,0.54,10.0,0,10.4,7,chocolate,1.71,3,1,1,0,0,0,0,7.738970609477821
269,0.31,6.5,290.0,53.0,160.0,0.99276,8.03,0.38,10.9,0,15.0,7,"chocolate, oats",1.16,3,1,1,0,1,0,0,8.008824787520897
270,0.27,5.2,300.0,32.0,101.0,0.99172,8.22,0.62,12.3,0,15.2,7,"nuts, chocolate",1.34,3,1,1,0,0,1,0,8.308596333170048
271,0.32,16.4,450.0,62.0,153.0,0.9972,8.22,0.42,10.5,0,13.8,7,chocolate,1.26,3,1,1,0,0,0,0,8.030580448786647
272,0.28,12.4,510.0,86.0,213.0,0.9962,8.16,0.51,9.9,0,13.0,7,raisins,1.99,3,1,0,1,0,0,0,7.619494110596467
273,0.34,2.6,490.0,13.0,135.0,0.99335,8.09,0.51,10.0,0,15.8,7,"nuts,raisins",1.35,3,1,0,1,0,1,0,7.248287847547719
274,0.28,4.8,340.0,25.0,100.0,0.99026,8.08,0.47,12.4,0,13.6,7,raisins,1.85,3,1,0,1,0,0,0,8.31328904300582
275,0.19,12.3,480.0,54.0,145.0,0.99668,8.16,0.42,9.3,0,12.6,7,chocolate,1.29,3,1,1,0,0,0,0,7.576986534617074
276,0.33,11.8,570.0,48.0,127.0,0.99693,8.1,0.55,10.0,0,14.6,7,chocolate,1.89,3,1,1,0,0,0,0,7.915204081643839
277,0.34,1.8,450.0,96.0,170.0,0.99035,8.38,0.9,11.8,0,11.6,7,"chocolate, oats",1.08,3,1,1,0,1,0,0,8.55953051090317
278,0.36,1.4,360.0,38.0,108.0,0.99006,8.19,0.66,12.0,0,13.6,7,"chocolate, oats",1.15,3,1,1,0,1,0,0,8.483788961235032
279,0.3,6.6,250.0,15.0,138.0,0.99126,8.18,0.46,12.6,0,14.2,7,"nuts, chocolate",1.0,3,1,1,0,0,1,0,8.310099360005612
280,0.34,11.8,590.0,42.0,240.0,0.99882,8.17,0.52,10.0,0,17.2,7,raisins,1.5,3,1,0,1,0,0,0,7.746739409759915
281,0.35,5.8,550.0,25.0,144.0,0.99576,8.24,0.54,10.2,0,15.4,7,"chocolate, oats",1.44,3,1,1,0,1,0,0,7.944210023711836
282,0.15,1.3,600.0,51.0,154.0,0.99354,8.14,0.51,8.7,0,12.0,7,chocolate,1.38,3,1,1,0,0,0,0,7.308859771267461
283,0.34,1.2,480.0,4.0,119.0,0.99084,8.18,0.34,12.1,0,15.4,7,raisins,1.3,3,1,0,1,0,0,0,8.147587634666234
284,0.29,10.8,280.0,17.0,118.0,0.99356,8.18,0.37,11.2,0,12.8,7,chocolate,1.64,3,1,1,0,0,0,0,8.138177941714812
285,0.36,1.9,430.0,24.0,111.0,0.99237,8.29,0.54,11.3,0,15.2,7,chocolate,1.65,3,1,1,0,0,0,0,8.234476150288263
286,0.6,65.8,740.0,8.0,160.0,1.03898,8.39,0.69,11.7,0,15.6,7,"raisins, oats",1.2,3,1,0,1,1,0,0,9.767716237524834
287,0.25,20.2,830.0,35.0,157.0,0.99976,8.17,0.5,9.1,0,12.8,7,chocolate,1.09,3,1,1,0,0,0,0,7.650561676433664
288,0.3,2.2,330.0,39.0,107.0,0.98894,8.22,0.53,13.5,0,13.0,7,raisins,1.51,3,1,0,1,0,0,0,8.705534179897587
289,0.53,10.1,530.0,37.0,151.0,0.9963,8.07,0.4,9.4,0,13.6,7,raisins,1.21,3,1,0,1,0,0,0,7.377017154662166
290,0.32,14.0,310.0,16.0,99.0,0.99437,8.26,0.38,11.5,0,11.0,7,"chocolate, oats",1.27,3,1,1,0,1,0,0,8.279448433719477
291,0.26,1.6,400.0,36.0,123.0,0.99238,8.34,0.44,10.8,0,14.6,7,chocolate,1.36,3,1,1,0,0,0,0,7.994873762914299
292,0.71,11.8,380.0,52.0,148.0,0.99801,8.03,0.46,8.9,0,15.0,7,"chocolate, oats",1.28,3,1,1,0,1,0,0,7.497778489850294
293,0.72,9.6,390.0,53.0,151.0,0.99802,8.03,0.46,8.9,0,15.0,7,"chocolate, oats",1.96,3,1,1,0,1,0,0,7.498103131991879
294,0.48,6.1,420.0,60.0,184.0,0.99566,8.2,0.5,9.4,0,14.0,7,chocolate,1.23,3,1,1,0,0,0,0,7.626636529086166
295,0.31,2.7,490.0,25.0,153.0,0.99067,8.44,0.73,12.2,0,11.6,7,raisins,1.08,3,1,0,1,0,0,0,8.404518994042139
296,0.31,3.6,250.0,22.0,100.0,0.99066,7.99,0.47,12.1,0,15.6,7,chocolate,1.12,3,1,1,0,0,0,0,8.429529591106839
297,0.47,10.6,520.0,69.0,148.0,0.9958,7.91,0.34,9.3,0,12.0,7,"chocolate, oats",1.38,3,1,1,0,1,0,0,7.502047243481012
298,0.46,6.2,560.0,42.0,241.0,0.9968,8.5,0.6,9.9,0,13.2,7,"nuts, chocolate",1.86,3,1,1,0,0,1,0,7.588496799810915
299,0.34,11.6,500.0,59.0,140.0,0.99526,8.22,0.4,10.8,0,13.2,7,chocolate,1.3,3,1,1,0,0,0,0,8.065185308352046
300,0.28,3.4,480.0,22.0,112.0,0.99188,8.21,0.37,11.3,0,14.4,7,"nuts, chocolate",1.52,3,1,1,0,0,1,0,7.804954809231351
301,0.29,0.9,340.0,34.0,89.0,0.98936,8.14,0.36,11.1,0,11.6,7,chocolate,1.91,3,1,1,0,0,0,0,7.959639184181139
302,0.38,1.3,460.0,24.0,90.0,0.99232,8.2,0.47,10.0,0,11.8,7,chocolate,1.1,3,1,1,0,0,0,0,7.71917327169707
303,0.37,10.0,1690.0,22.0,210.0,0.99776,8.02,0.64,9.5,0,15.4,7,"nuts, chocolate",1.16,3,1,1,0,0,1,0,7.497276995805546
304,0.39,1.0,410.0,37.0,154.0,0.99093,8.08,0.43,11.9,0,15.8,7,chocolate,1.04,3,1,1,0,0,0,0,8.342324117123372
305,0.26,5.0,270.0,46.0,143.0,0.9924,8.25,0.43,11.2,0,13.8,7,raisins,1.9,3,1,0,1,0,0,0,7.92286454715914
306,0.58,1.25,340.0,29.0,129.0,0.98984,8.51,0.6,12.0,0,11.2,7,"chocolate, oats",1.03,3,1,1,0,1,0,0,8.441868747112675
307,0.32,1.6,280.0,12.0,90.0,0.99008,8.57,0.52,12.2,0,10.2,7,"chocolate, oats",1.93,3,1,1,0,1,0,0,8.476074796301848
308,0.39,1.0,280.0,40.0,101.0,0.99156,8.57,0.59,10.6,0,10.6,7,"chocolate, oats",1.47,3,1,1,0,1,0,0,7.9824129043553675
309,0.38,1.7,370.0,20.0,84.0,0.99046,8.09,0.53,11.4,0,13.4,7,"chocolate, oats",1.97,3,1,1,0,1,0,0,8.203065863645133
310,0.32,1.6,450.0,38.0,95.0,0.98946,8.23,0.94,12.4,0,11.6,7,chocolate,1.22,3,1,1,0,0,0,0,8.772179013044184
311,0.3,1.1,290.0,24.0,88.0,0.98883,8.18,0.39,11.7,0,11.4,7,raisins,1.87,3,1,0,1,0,0,0,7.96574546244511
312,0.36,11.1,320.0,21.0,132.0,0.99313,7.95,0.39,13.0,0,16.8,7,raisins,1.11,3,1,0,1,0,0,0,8.578446816367244
313,0.3,4.7,410.0,40.0,148.0,0.9932,8.16,0.35,10.2,0,13.8,7,chocolate,1.9,3,1,1,0,0,0,0,7.75097102660926
314,0.36,1.4,440.0,22.0,68.0,0.99014,8.15,0.5,11.7,0,12.8,7,"chocolate, oats",1.79,3,1,1,0,1,0,0,8.284466402312507
315,0.46,9.7,540.0,67.0,234.0,0.99848,8.23,0.5,9.0,0,13.4,7,"nuts, chocolate",1.54,3,1,1,0,0,1,0,7.257538809145682
316,0.28,0.8,320.0,25.0,78.0,0.99104,7.99,0.38,11.1,0,17.2,7,"chocolate, oats",1.2,3,1,1,0,1,0,0,8.025771759636374
317,0.26,1.7,730.0,40.0,157.0,0.9938,8.1,0.46,9.8,0,15.2,7,raisins,1.41,3,1,0,1,0,0,0,7.476205547209521
318,0.25,1.1,350.0,26.0,81.0,0.9902,8.31,0.52,11.4,0,11.4,7,chocolate,1.84,3,1,1,0,0,0,0,8.188828820129377
319,0.32,2.2,280.0,36.0,92.0,0.99076,8.27,0.59,11.9,0,13.0,7,chocolate,1.03,3,1,1,0,0,0,0,8.429546766069837
320,0.3,1.2,460.0,49.0,199.0,0.99413,8.03,0.38,9.3,0,15.4,7,"chocolate, oats",1.88,3,1,1,0,1,0,0,7.4710173971748794
321,0.38,1.0,410.0,22.0,81.0,0.99043,8.03,0.54,11.4,0,13.8,7,"chocolate, oats",1.37,3,1,1,0,1,0,0,8.207888285054974
322,0.38,1.0,410.0,22.0,81.0,0.99043,8.03,0.54,11.4,0,13.8,7,"chocolate, oats",1.12,3,1,1,0,1,0,0,8.207888285054974
323,0.28,2.2,190.0,15.0,65.0,0.9902,8.06,0.52,11.2,0,11.4,7,chocolate,1.51,3,1,1,0,0,0,0,8.116043399661503
324,0.4,11.9,320.0,13.0,92.0,0.99629,8.01,0.46,10.8,0,14.8,7,chocolate,1.31,3,1,1,0,0,0,0,8.133401535942685
325,0.3,7.8,380.0,67.0,196.0,0.99555,8.1,0.5,10.1,0,15.4,7,chocolate,1.17,3,1,1,0,0,0,0,7.877814437166304
326,0.4,1.3,410.0,81.0,147.0,0.9901,8.22,0.95,11.6,0,11.2,7,chocolate,1.86,3,1,1,0,0,0,0,8.507610776068642
327,0.29,10.3,390.0,41.0,98.0,0.99564,8.19,0.38,9.8,0,14.0,7,"chocolate, oats",1.22,3,1,1,0,1,0,0,7.702001911723695
328,0.3,8.7,220.0,14.0,111.0,0.99576,8.11,0.61,10.6,0,14.4,7,raisins,1.48,3,1,0,1,0,0,0,7.917922306350203
329,0.34,14.05,400.0,41.0,114.0,0.99634,8.07,0.59,11.0,0,15.4,7,"chocolate, oats",1.35,3,1,1,0,1,0,0,8.283162688968108
330,0.38,13.1,1120.0,14.0,94.0,0.99792,8.02,0.48,9.2,0,13.8,7,raisins,1.8,3,1,0,1,0,0,0,7.4031945438075475
331,0.39,9.6,260.0,34.0,124.0,0.99286,8.18,0.35,12.1,0,13.6,7,raisins,1.17,3,1,0,1,0,0,0,8.218961695100713
332,0.28,11.1,330.0,30.0,97.0,0.99507,8.03,0.39,10.5,0,17.0,7,chocolate,1.68,3,1,1,0,0,0,0,7.9440426291255655
333,0.3,10.55,370.0,4.0,28.0,0.99184,8.07,0.32,12.7,0,13.8,7,raisins,1.26,3,1,0,1,0,0,0,8.386815414559042
334,0.36,0.8,340.0,32.0,111.0,0.98942,8.11,0.5,12.1,0,13.0,7,raisins,1.87,3,1,0,1,0,0,0,8.194230015914744
335,0.27,10.9,380.0,29.0,130.0,0.99496,8.11,0.44,10.5,0,13.2,7,chocolate,1.81,3,1,1,0,0,0,0,7.9694533047410765
336,0.36,1.2,340.0,26.0,111.0,0.99074,8.16,0.51,11.0,0,12.6,7,"chocolate, oats",1.28,3,1,1,0,1,0,0,8.054992307004557
337,0.32,1.1,360.0,74.0,184.0,0.99096,8.22,0.41,11.0,0,12.4,7,"chocolate, oats",1.71,3,1,1,0,1,0,0,8.004170955773528
338,0.32,4.5,320.0,58.0,178.0,0.98956,8.45,0.31,12.6,0,10.0,7,chocolate,1.47,3,1,1,0,0,0,0,8.483040941348921
339,0.3,8.25,200.0,14.0,104.0,0.99362,7.99,0.44,11.4,0,14.4,7,raisins,1.57,3,1,0,1,0,0,0,8.041052656734816
340,0.35,11.7,290.0,3.0,46.0,0.99439,8.02,0.34,11.8,0,16.8,7,raisins,1.27,3,1,0,1,0,0,0,8.15365746422663
341,0.29,4.6,460.0,6.0,88.0,0.99458,8.34,0.48,10.6,0,13.6,7,chocolate,1.78,3,1,1,0,0,0,0,8.01669500493318
342,0.22,11.7,350.0,44.0,150.0,0.99578,8.1,0.45,10.4,0,14.8,7,raisins,1.97,3,1,0,1,0,0,0,7.753044604812107
343,0.29,14.8,240.0,22.0,142.0,0.99518,8.12,0.48,12.0,0,14.2,7,"nuts, chocolate",1.66,3,1,1,0,0,1,0,8.230595513771963
344,0.29,14.8,240.0,22.0,142.0,0.99518,8.12,0.48,12.0,0,14.2,7,"nuts, chocolate",1.76,3,1,1,0,0,1,0,8.230595513771963
345,0.34,3.5,540.0,26.0,189.0,0.99489,8.42,0.58,10.4,0,13.6,7,chocolate,1.03,3,1,1,0,0,0,0,8.011936969200274
346,0.45,2.1,270.0,43.0,104.0,0.99054,8.02,0.52,11.3,0,13.0,7,chocolate,1.97,3,1,1,0,0,0,0,8.163473942709278
347,0.29,12.2,440.0,59.0,196.0,0.99782,8.14,0.4,8.8,0,12.6,7,chocolate,1.1,3,1,1,0,0,0,0,7.420439491918753
348,0.41,16.8,370.0,58.0,173.0,0.99882,8.25,0.57,9.4,0,12.4,7,raisins,1.84,3,1,0,1,0,0,0,7.557364887529236
349,1.0,1.1,1540.0,46.0,114.0,0.9931,7.95,0.43,9.2,0,14.4,7,chocolate,1.62,3,1,1,0,0,0,0,7.430168285530758
350,0.66,10.2,430.0,78.0,175.0,0.9945,7.98,0.43,10.4,0,11.2,7,chocolate,1.58,3,1,1,0,0,0,0,7.912330708159711
351,0.54,7.0,460.0,58.0,176.0,0.99454,8.19,0.7,10.4,0,12.4,7,chocolate,1.35,3,1,1,0,0,0,0,8.070130668259896
352,0.43,6.1,290.0,6.0,76.0,0.99118,8.08,0.5,12.5,0,14.0,7,"nuts,raisins",1.29,3,1,0,1,0,1,0,8.081861910837876
353,0.4,1.5,420.0,23.0,87.0,0.98972,8.11,0.46,12.2,0,12.8,7,"chocolate, oats",1.55,3,1,1,0,1,0,0,8.42960959219732
354,0.34,4.9,320.0,9.0,125.0,0.99253,8.32,0.81,12.0,0,13.2,7,raisins,1.5,3,1,0,1,0,0,0,8.438487794585523
355,0.54,7.0,460.0,58.0,176.0,0.99454,8.19,0.7,10.4,0,12.4,7,chocolate,1.96,3,1,1,0,0,0,0,8.070130668259896
356,0.4,9.9,360.0,24.0,88.0,0.9951,8.02,0.42,10.5,0,17.0,7,chocolate,1.98,3,1,1,0,0,0,0,7.962405599054076
357,0.34,9.5,410.0,38.0,201.0,0.995,8.14,0.44,10.1,0,12.2,7,chocolate,1.51,3,1,1,0,0,0,0,7.8251810323716775
358,0.37,1.5,240.0,12.0,76.0,0.98876,7.94,0.39,12.3,0,12.6,7,raisins,1.24,3,1,0,1,0,0,0,8.181829228857634
359,0.35,2.6,300.0,33.0,78.0,0.99146,8.22,0.72,11.3,0,13.2,7,"chocolate, oats",1.45,3,1,1,0,1,0,0,8.309267976426714
360,0.52,3.2,430.0,28.0,152.0,0.99129,8.02,0.53,11.4,0,15.2,7,chocolate,1.16,3,1,1,0,0,0,0,8.230011161396579
361,0.45,2.3,450.0,40.0,118.0,0.99064,8.16,0.48,11.9,0,14.0,7,chocolate,1.6,3,1,1,0,0,0,0,8.361891234190377
362,0.49,4.9,320.0,3.0,18.0,0.99368,7.85,0.54,10.0,0,19.4,7,chocolate,1.64,3,1,1,0,0,0,0,7.803899037794562
363,0.34,10.9,380.0,25.0,84.0,0.99432,8.11,0.34,10.9,0,14.0,7,chocolate,1.99,3,1,1,0,0,0,0,8.0362835702696
364,0.45,2.3,450.0,40.0,118.0,0.99064,8.16,0.48,11.9,0,14.0,7,chocolate,1.83,3,1,1,0,0,0,0,8.361891234190377
365,0.49,2.5,470.0,20.0,130.0,0.99178,8.15,0.48,11.1,0,15.2,7,chocolate,1.52,3,1,1,0,0,0,0,8.107758756459429
366,0.36,4.5,540.0,31.0,203.0,0.99513,8.4,0.57,10.4,0,13.8,7,raisins,1.12,3,1,0,1,0,0,0,7.801499039624222
367,0.34,1.6,430.0,24.0,129.0,0.99305,8.12,0.7,10.4,0,15.2,7,chocolate,2.0,3,1,1,0,0,0,0,8.021758989163924
368,0.22,5.5,370.0,10.0,86.0,0.99156,8.46,0.44,12.2,0,11.0,7,"chocolate, oats",1.61,3,1,1,0,1,0,0,8.477751050579538
369,0.38,2.1,430.0,10.0,98.0,0.99296,8.17,0.65,11.0,0,15.2,7,raisins,1.05,3,1,0,1,0,0,0,7.995778738980871
370,0.38,1.5,390.0,37.0,122.0,0.98972,8.2,0.43,12.0,0,12.2,7,chocolate,1.57,3,1,1,0,0,0,0,8.339435128225691
371,0.38,2.5,470.0,30.0,148.0,0.98964,8.17,0.43,12.7,0,13.0,7,raisins,1.06,3,1,0,1,0,0,0,8.379153969591083
372,0.27,0.9,400.0,52.0,103.0,0.99026,8.5,0.39,11.2,0,11.2,7,"chocolate, oats",1.01,3,1,1,0,1,0,0,8.042638730661377
373,0.43,6.4,420.0,34.0,115.0,0.99293,8.05,0.51,10.8,0,13.8,7,chocolate,1.5,3,1,1,0,0,0,0,8.053303515543508
374,0.39,11.9,570.0,51.0,221.0,0.99851,8.26,0.51,8.9,0,13.2,7,raisins,1.48,3,1,0,1,0,0,0,7.330559342962939
375,0.47,7.5,270.0,12.0,88.0,0.9907,8.38,0.45,14.0,0,11.6,7,raisins,1.84,3,1,0,1,0,0,0,8.898263965309294
376,0.36,17.2,390.0,37.0,130.0,0.99946,8.23,0.43,8.8,0,12.4,7,chocolate,1.99,3,1,1,0,0,0,0,7.491069846642237
377,0.34,7.4,200.0,38.0,133.0,0.99212,8.18,0.44,12.0,0,13.6,7,raisins,1.41,3,1,0,1,0,0,0,8.21071259690088
378,0.37,4.8,190.0,39.0,114.0,0.99036,8.08,0.49,12.7,0,14.2,7,raisins,1.07,3,1,0,1,0,0,0,8.43730629079263
379,0.35,8.6,380.0,37.0,125.0,0.9916,8.0,0.32,12.4,0,13.8,7,raisins,1.69,3,1,0,1,0,0,0,8.269845872459225
380,0.41,1.0,400.0,17.0,76.0,0.98988,8.14,0.56,11.4,0,12.4,7,"chocolate, oats",1.24,3,1,1,0,1,0,0,8.201625662937044
381,0.36,6.4,550.0,42.0,123.0,0.99318,8.11,0.5,11.0,0,14.0,7,"chocolate, oats",1.93,3,1,1,0,1,0,0,8.128408641716387
382,0.33,1.0,380.0,23.0,131.0,0.99164,8.25,0.45,9.8,0,11.0,7,"chocolate, oats",1.35,3,1,1,0,1,0,0,7.612719489932335
383,0.24,1.6,450.0,39.0,164.0,0.99402,8.53,0.58,10.8,0,13.6,7,chocolate,1.78,3,1,1,0,0,0,0,8.129263943818234
384,0.2,1.7,330.0,17.0,74.0,0.99002,8.34,0.48,12.3,0,10.4,7,raisins,1.65,3,1,0,1,0,0,0,8.27490126920846
385,0.28,3.7,450.0,57.0,151.0,0.9913,8.22,0.27,11.2,0,11.4,7,"chocolate, oats",1.24,3,1,1,0,1,0,0,8.00684533937103
386,0.3,2.5,460.0,38.0,125.0,0.99276,8.34,0.5,9.9,0,11.4,7,chocolate,1.21,3,1,1,0,0,0,0,7.714453859196585
387,0.39,6.0,350.0,44.0,141.0,0.99123,8.11,0.33,12.5,0,13.8,7,chocolate,1.7,3,1,1,0,0,0,0,8.512456164428638
388,0.24,3.3,340.0,29.0,99.0,0.99031,8.1,0.4,12.3,0,13.2,7,raisins,1.71,3,1,0,1,0,0,0,8.237945108637692
389,0.29,2.5,590.0,37.0,115.0,0.99328,8.09,0.37,9.8,0,15.2,7,chocolate,1.8,3,1,1,0,0,0,0,7.619590018475375
390,0.37,4.5,390.0,41.0,147.0,0.9921,8.18,0.4,11.1,0,12.8,7,chocolate,1.06,3,1,1,0,0,0,0,8.07177652231341
391,0.31,14.5,450.0,39.0,193.0,0.9986,8.1,0.5,9.2,0,14.8,7,"chocolate, oats",1.99,3,1,1,0,1,0,0,7.649295898243896
392,0.31,14.5,450.0,39.0,193.0,0.9986,8.1,0.5,9.2,0,14.8,7,"chocolate, oats",1.22,3,1,1,0,1,0,0,7.649295898243896
393,0.31,3.6,300.0,36.0,92.0,0.99026,8.22,0.62,12.6,0,13.0,7,chocolate,1.74,3,1,1,0,0,0,0,8.685452674131977
394,0.32,10.5,300.0,34.0,105.0,0.99407,8.11,0.42,11.8,0,16.2,7,chocolate,1.78,3,1,1,0,0,0,0,8.402072691512128
395,0.31,1.4,390.0,40.0,129.0,0.99193,8.45,0.59,10.9,0,12.2,7,chocolate,1.12,3,1,1,0,0,0,0,8.103602794295778
396,0.02,0.9,430.0,32.0,99.0,0.99226,8.14,0.47,9.8,0,13.0,7,"nuts, chocolate",1.61,3,1,1,0,0,1,0,7.329364035448368
397,0.36,9.2,610.0,42.0,214.0,0.9976,8.31,0.56,9.4,0,13.2,7,raisins,1.07,3,1,0,1,0,0,0,7.51196219842144
398,0.29,1.8,440.0,21.0,115.0,0.99166,8.1,0.38,10.2,0,12.8,7,"chocolate, oats",1.01,3,1,1,0,1,0,0,7.718365180309139
399,0.3,2.3,510.0,20.0,127.0,0.98964,8.13,0.52,12.8,0,13.0,7,raisins,1.93,3,1,0,1,0,0,0,8.46771381033631
400,0.25,6.4,350.0,38.0,103.0,0.99148,7.91,0.23,12.2,0,16.0,7,raisins,1.78,3,1,0,1,0,0,0,8.140997615781064
401,0.37,1.0,430.0,10.0,80.0,0.99128,8.08,0.38,11.4,0,15.6,7,chocolate,1.59,3,1,1,0,0,0,0,8.14274130173619
402,0.35,2.3,390.0,43.0,109.0,0.99056,8.34,0.44,11.8,0,12.6,7,chocolate,1.5,3,1,1,0,0,0,0,8.299715995485432
403,0.32,8.7,290.0,31.0,105.0,0.99146,8.0,0.34,12.3,0,13.6,7,raisins,1.93,3,1,0,1,0,0,0,8.240500867912292
404,0.3,1.9,330.0,41.0,142.0,0.98912,8.29,0.42,12.8,0,12.0,7,raisins,1.71,3,1,0,1,0,0,0,8.392868940628087
405,0.37,1.1,360.0,31.0,96.0,0.98942,8.16,0.48,12.0,0,11.6,7,"chocolate, oats",1.3,3,1,1,0,1,0,0,8.358677603151111
406,0.28,13.55,480.0,51.0,189.0,0.99782,8.0,0.6,9.5,0,13.8,7,raisins,1.09,3,1,0,1,0,0,0,7.578682427108564
407,0.28,15.2,460.0,6.0,41.0,0.99665,8.17,0.39,10.9,0,14.4,7,chocolate,1.72,3,1,1,0,0,0,0,8.140906928431537
408,0.28,1.1,340.0,47.0,90.0,0.98862,8.22,0.38,12.6,0,12.0,7,chocolate,1.01,3,1,1,0,0,0,0,8.493099014882166
409,0.49,1.3,330.0,12.0,72.0,0.99072,8.05,0.53,11.3,0,14.2,7,"chocolate, oats",1.1,3,1,1,0,1,0,0,8.175113849092373
410,0.28,10.6,390.0,32.0,117.0,0.99355,8.05,0.55,11.5,0,14.0,7,chocolate,1.95,3,1,1,0,0,0,0,8.351365691297605
411,0.32,4.9,460.0,50.0,156.0,0.99316,8.38,0.55,11.2,0,12.8,7,chocolate,1.97,3,1,1,0,0,0,0,8.229526517074031
412,0.32,7.8,520.0,52.0,183.0,0.99657,8.39,0.65,9.5,0,12.2,7,raisins,1.52,3,1,0,1,0,0,0,7.567083898583537
413,0.33,7.4,370.0,25.0,95.0,0.99268,8.25,0.49,11.1,0,11.2,7,raisins,1.99,3,1,0,1,0,0,0,7.930339903897067
414,0.32,7.8,520.0,52.0,183.0,0.99657,8.39,0.65,9.5,0,12.2,7,raisins,1.97,3,1,0,1,0,0,0,7.567083898583537
415,0.4,11.6,320.0,34.0,214.0,0.9963,8.1,0.51,9.8,0,14.4,7,raisins,1.9,3,1,0,1,0,0,0,7.5863478217783715
416,0.3,2.1,310.0,50.0,163.0,0.9895,8.39,0.43,12.7,0,12.2,7,raisins,1.28,3,1,0,1,0,0,0,8.374608979608912
417,0.49,20.15,600.0,30.0,145.0,1.00196,8.01,0.44,8.5,0,15.2,7,chocolate,1.78,3,1,1,0,0,0,0,7.468848599170936
418,0.26,10.05,390.0,63.0,162.0,0.99375,8.33,0.5,11.2,0,11.6,7,chocolate,1.42,3,1,1,0,0,0,0,8.219698664254533
419,0.27,1.3,370.0,30.0,86.0,0.98834,8.05,0.59,12.9,0,12.4,7,chocolate,1.18,3,1,1,0,0,0,0,8.714910470145956
420,0.28,1.1,340.0,26.0,83.0,0.98928,8.25,0.33,12.3,0,13.0,7,chocolate,1.63,3,1,1,0,0,0,0,8.376365526351943
421,0.27,5.0,350.0,14.0,97.0,0.99058,8.1,0.33,11.8,0,11.8,7,chocolate,1.15,3,1,1,0,0,0,0,8.236605453588144
422,0.32,6.0,330.0,59.0,128.0,0.99192,8.19,0.71,12.1,0,13.2,7,"chocolate, oats",1.25,3,1,1,0,1,0,0,8.60954684897646
423,0.3,6.9,380.0,23.0,89.0,0.99266,8.25,0.49,11.1,0,11.2,7,raisins,1.32,3,1,0,1,0,0,0,7.929690619613904
424,0.34,1.9,400.0,41.0,108.0,0.99,8.25,0.45,12.9,0,13.6,7,"chocolate, oats",1.43,3,1,1,0,1,0,0,8.68765219596462
425,0.27,10.3,470.0,54.0,219.0,0.99742,8.04,0.45,8.8,0,13.2,7,chocolate,1.77,3,1,1,0,0,0,0,7.436435545428335
426,0.36,1.1,310.0,27.0,93.0,0.98884,8.23,0.34,13.2,0,13.2,7,"chocolate, oats",1.68,3,1,1,0,1,0,0,8.695412012062274
427,0.28,12.0,560.0,68.0,143.0,0.9983,7.99,0.3,9.2,0,15.2,7,chocolate,1.74,3,1,1,0,0,0,0,7.523629677304637
428,0.19,1.1,640.0,36.0,191.0,0.99297,8.05,0.5,9.5,0,13.0,7,chocolate,1.36,3,1,1,0,0,0,0,7.575700503234092
429,0.24,1.8,370.0,39.0,150.0,0.9913,8.05,0.44,11.8,0,15.2,7,raisins,1.37,3,1,0,1,0,0,0,8.111306520823145
430,0.28,4.7,390.0,34.0,94.0,0.98964,8.22,0.57,13.1,0,11.8,7,raisins,1.45,3,1,0,1,0,0,0,8.605873680211051
431,0.31,7.4,410.0,7.0,81.0,0.99254,8.04,0.47,11.4,0,13.4,7,chocolate,1.09,3,1,1,0,0,0,0,8.235813342087017
432,0.44,1.0,570.0,24.0,111.0,0.99158,8.09,0.32,11.2,0,16.0,7,chocolate,1.21,3,1,1,0,0,0,0,8.044917058508315
433,0.36,8.4,420.0,42.0,123.0,0.99473,8.34,0.52,10.9,0,13.4,7,chocolate,1.37,3,1,1,0,0,0,0,8.153928159097102
434,0.3,3.0,360.0,30.0,124.0,0.98922,8.31,0.4,13.1,0,12.2,7,raisins,1.1,3,1,0,1,0,0,0,8.493700797076553
435,0.45,14.3,540.0,30.0,181.0,0.99869,8.14,0.57,9.1,0,13.4,7,chocolate,1.79,3,1,1,0,0,0,0,7.656399402126322
436,0.34,1.4,290.0,29.0,133.0,0.99108,8.33,0.64,11.5,0,13.0,7,"chocolate, oats",1.9,3,1,1,0,1,0,0,8.32334621283771
437,0.28,4.9,420.0,21.0,155.0,0.99385,8.36,0.57,10.9,0,15.0,7,raisins,1.59,3,1,0,1,0,0,0,7.941908396671192
438,0.28,2.4,360.0,35.0,115.0,0.98936,8.19,0.44,13.5,0,14.2,7,raisins,1.17,3,1,0,1,0,0,0,8.667002019332816
439,0.25,10.7,460.0,66.0,179.0,0.99606,8.17,0.55,9.9,0,12.8,7,chocolate,1.84,3,1,1,0,0,0,0,7.850567505092126
440,0.24,11.0,410.0,75.0,167.0,0.99508,7.98,0.56,10.5,0,14.0,7,chocolate,1.62,3,1,1,0,0,0,0,8.042905184455126
441,0.62,7.5,380.0,46.0,132.0,0.99143,8.23,0.43,13.4,0,13.8,7,raisins,1.54,3,1,0,1,0,0,0,8.692013884572116
442,0.27,6.3,280.0,40.0,132.0,0.99186,8.37,0.4,11.6,0,10.6,7,raisins,1.61,3,1,0,1,0,0,0,8.0335156689456
443,0.27,6.3,280.0,40.0,132.0,0.99186,8.37,0.4,11.6,0,10.6,7,raisins,1.89,3,1,0,1,0,0,0,8.0335156689456
444,0.29,8.6,530.0,65.0,146.0,0.9963,8.11,0.32,9.8,0,15.2,7,chocolate,1.61,3,1,1,0,0,0,0,7.688650206060704
445,0.27,3.1,340.0,28.0,134.0,0.9897,8.26,0.38,13.1,0,14.2,7,raisins,1.03,3,1,0,1,0,0,0,8.4976909242034
446,0.46,6.4,360.0,17.0,85.0,0.99279,8.1,0.78,11.7,0,14.4,7,chocolate,1.15,3,1,1,0,0,0,0,8.532794309200614
447,0.35,7.2,460.0,45.0,178.0,0.9955,8.14,0.53,9.7,0,14.4,7,raisins,1.47,3,1,0,1,0,0,0,7.535576435886913
448,0.31,1.2,310.0,27.0,80.0,0.98892,8.03,0.33,12.7,0,14.4,7,chocolate,1.28,3,1,1,0,0,0,0,8.510249250190672
449,0.25,3.4,240.0,27.0,99.0,0.98959,7.98,0.37,13.0,0,15.6,7,chocolate,1.71,3,1,1,0,0,0,0,8.664363795716934
450,0.2,1.8,310.0,49.0,159.0,0.9919,8.41,0.53,11.0,0,12.0,7,raisins,1.47,3,1,0,1,0,0,0,7.891810497957959
451,0.29,19.9,390.0,69.0,237.0,1.00037,8.1,0.48,9.2,0,14.6,7,chocolate,1.28,3,1,1,0,0,0,0,7.695164861635025
452,0.22,16.65,440.0,39.0,110.0,0.99855,8.24,0.48,9.0,0,11.4,7,chocolate,1.79,3,1,1,0,0,0,0,7.563294571398931
453,0.28,0.9,230.0,49.0,87.0,0.99062,7.92,0.36,11.1,0,16.2,7,chocolate,1.44,3,1,1,0,0,0,0,8.000544094020679
454,0.28,4.2,290.0,7.0,112.0,0.9906,8.0,0.41,12.6,0,15.2,7,raisins,1.25,3,1,0,1,0,0,0,8.36233420928001
455,0.27,9.7,360.0,15.0,85.0,0.99406,7.99,0.36,11.2,0,16.0,7,chocolate,1.32,3,1,1,0,0,0,0,8.148613700959405
456,0.28,4.2,290.0,7.0,112.0,0.9906,8.0,0.41,12.6,0,15.2,7,raisins,1.34,3,1,0,1,0,0,0,8.36233420928001
457,0.36,14.6,480.0,35.0,161.0,0.9968,8.14,0.56,10.6,0,14.8,7,chocolate,1.59,3,1,1,0,0,0,0,8.135136343041449
458,0.71,17.5,420.0,21.0,114.0,0.99784,7.85,0.5,9.5,0,13.6,7,"chocolate, oats",1.64,3,1,1,0,1,0,0,7.733801226185339
459,0.71,17.5,420.0,21.0,114.0,0.99784,7.85,0.5,9.5,0,13.6,7,"chocolate, oats",1.44,3,1,1,0,1,0,0,7.733801226185339
460,0.28,4.2,440.0,52.0,158.0,0.992,8.35,0.44,10.7,0,11.2,7,chocolate,1.53,3,1,1,0,0,0,0,7.946144651300184
461,0.28,1.1,340.0,55.0,108.0,0.98939,8.0,0.52,11.9,0,13.2,7,"chocolate, oats",1.23,3,1,1,0,1,0,0,8.344496357830774
462,0.24,1.4,330.0,65.0,169.0,0.99043,8.59,0.56,12.3,0,11.6,7,chocolate,1.09,3,1,1,0,0,0,0,8.547015372829566
463,0.18,1.8,460.0,31.0,114.0,0.99226,8.27,0.55,10.8,0,13.6,7,"chocolate, oats",1.38,3,1,1,0,1,0,0,8.054737883395756
464,0.3,1.2,370.0,11.0,95.0,0.98914,7.96,0.36,12.5,0,14.4,7,chocolate,1.37,3,1,1,0,0,0,0,8.461995000341407
465,0.28,26.05,310.0,27.0,122.0,1.00295,8.06,0.42,10.6,0,13.6,7,"nuts, chocolate",1.43,3,1,1,0,0,1,0,7.938566427499854
466,0.26,4.7,400.0,108.0,168.0,0.99278,8.07,0.75,10.7,0,12.6,7,chocolate,1.78,3,1,1,0,0,0,0,8.151153521215907
467,0.28,26.05,310.0,27.0,122.0,1.00295,8.06,0.42,10.6,0,13.6,7,"nuts, chocolate",1.53,3,1,1,0,0,1,0,7.938566427499854
468,0.33,0.9,410.0,20.0,117.0,0.99048,8.21,0.5,11.4,0,14.0,7,chocolate,1.8,3,1,1,0,0,0,0,8.186326104424548
469,0.2,5.7,1180.0,61.0,172.0,0.9946,8.24,0.43,9.5,0,12.8,7,raisins,1.59,3,1,0,1,0,0,0,7.375609744330642
470,0.32,2.4,140.0,34.0,89.0,0.99008,8.24,0.66,12.5,0,12.8,7,chocolate,1.8,3,1,1,0,0,0,0,8.666401796687875
471,0.33,4.9,470.0,42.0,130.0,0.99283,8.12,0.56,11.0,0,13.6,7,"chocolate, oats",1.84,3,1,1,0,1,0,0,8.151824253768478
472,0.16,2.7,360.0,34.0,128.0,0.98856,8.2,0.53,13.2,0,10.8,7,"nuts,raisins",1.3,3,1,0,1,0,1,0,8.26894368488426
473,0.26,11.0,300.0,2.0,82.0,0.99402,8.07,0.36,11.2,0,13.0,7,chocolate,1.01,3,1,1,0,0,0,0,8.147315132393071
474,0.25,18.8,850.0,19.0,111.0,1.00044,8.1,0.51,8.7,0,14.4,7,chocolate,1.53,3,1,1,0,0,0,0,7.532862848960189
475,0.27,9.6,370.0,19.0,105.0,0.99444,8.04,0.37,10.5,0,14.2,7,chocolate,1.56,3,1,1,0,0,0,0,7.911997478536623
476,0.41,12.9,440.0,79.5,183.0,0.99742,8.24,0.78,10.2,0,13.6,7,"chocolate, oats",1.28,3,1,1,0,1,0,0,8.13721296724481
477,0.37,1.6,870.0,27.0,177.0,0.99438,8.09,0.5,9.8,0,15.2,7,raisins,1.37,3,1,0,1,0,0,0,7.518220182759723
478,0.27,12.0,300.0,39.0,98.0,0.99402,8.15,0.34,10.8,0,12.0,7,"chocolate, oats",1.33,3,1,1,0,1,0,0,7.990151595788152
479,0.35,2.5,400.0,41.0,186.0,0.99128,8.32,0.56,12.5,0,14.2,7,chocolate,1.05,3,1,1,0,0,0,0,8.64739537533205
480,0.24,4.4,270.0,37.0,150.0,0.991,8.3,0.31,11.5,0,11.2,7,chocolate,1.22,3,1,1,0,0,0,0,8.129469597163673
481,0.34,1.2,360.0,32.0,96.0,0.98961,8.06,0.74,11.6,0,12.6,7,chocolate,1.92,3,1,1,0,0,0,0,8.369980006604717
482,0.27,1.5,760.0,24.0,145.0,0.99344,8.1,0.52,10.1,0,14.0,7,raisins,1.75,3,1,0,1,0,0,0,7.60847464782184
483,0.23,10.4,490.0,45.0,190.0,0.99754,8.12,0.51,8.8,0,13.2,7,chocolate,1.28,3,1,1,0,0,0,0,7.475109338134867
484,0.45,8.0,380.0,54.0,200.0,0.9956,8.18,0.48,9.5,0,13.2,7,raisins,1.24,3,1,0,1,0,0,0,7.437055697661943
485,0.28,6.9,360.0,46.0,150.0,0.99299,8.36,0.44,10.8,0,11.4,7,chocolate,1.13,3,1,1,0,0,0,0,8.014676933550906
486,0.26,10.3,410.0,51.0,166.0,0.99382,8.08,0.35,11.6,0,14.0,7,raisins,1.89,3,1,0,1,0,0,0,8.068163789523073
487,0.18,1.4,340.0,18.0,135.0,0.99174,8.32,0.35,10.2,0,11.2,7,chocolate,1.29,3,1,1,0,0,0,0,7.703573273938044
488,0.28,14.7,510.0,29.0,149.0,0.99792,7.96,0.39,9.0,0,14.0,7,"chocolate, oats",1.85,3,1,1,0,1,0,0,7.490674985967882
489,0.28,1.8,400.0,45.0,121.0,0.99043,8.02,0.4,11.9,0,14.8,7,chocolate,1.38,3,1,1,0,0,0,0,8.308702966540427
490,0.25,12.5,550.0,47.0,134.0,0.99758,8.3,0.51,9.0,0,12.4,7,chocolate,1.56,3,1,1,0,0,0,0,7.549193327169075
491,0.32,7.4,150.0,47.0,124.0,0.99278,7.99,0.39,11.0,0,15.6,7,"chocolate, oats",1.72,3,1,1,0,1,0,0,8.051663129872583
492,0.35,6.1,250.0,10.0,40.0,0.99244,7.79,0.52,10.9,0,14.8,7,chocolate,1.54,3,1,1,0,0,0,0,8.07958510867444
493,0.15,2.1,260.0,29.0,130.0,0.98953,8.39,0.77,13.4,0,10.8,7,"nuts, chocolate",1.27,3,1,1,0,0,1,0,8.72476473425532
494,0.28,9.8,420.0,61.0,125.0,0.99532,8.14,0.42,10.2,0,12.2,7,chocolate,1.83,3,1,1,0,0,0,0,7.860369595467116
495,0.28,6.1,180.0,41.0,103.0,0.99122,8.24,0.32,12.2,0,13.0,7,raisins,1.75,3,1,0,1,0,0,0,8.18472405061117
496,0.3,1.4,220.0,38.0,100.0,0.99099,8.42,0.57,11.4,0,12.6,7,"chocolate, oats",1.76,3,1,1,0,1,0,0,8.243457288487424
497,0.3,9.2,180.0,23.0,96.0,0.9938,8.08,0.29,11.0,0,15.2,7,chocolate,1.38,3,1,1,0,0,0,0,8.026813149968252
498,0.52,8.2,470.0,52.0,191.0,0.99541,8.16,0.47,9.5,0,13.2,7,chocolate,1.45,3,1,1,0,0,0,0,7.6375241422767495
499,0.5,8.0,510.0,46.0,197.0,0.99536,8.18,0.47,9.5,0,13.0,7,chocolate,1.97,3,1,1,0,0,0,0,7.63590093156883
500,0.3,1.3,360.0,7.0,49.0,0.99242,7.99,0.73,10.3,0,16.2,7,chocolate,1.21,3,1,1,0,0,0,0,7.982302867513976
501,0.21,10.7,980.0,13.0,91.0,0.99657,8.03,0.47,9.3,0,14.0,7,raisins,1.95,3,1,0,1,0,0,0,7.389964217093105
502,0.39,2.0,570.0,21.0,138.0,0.99176,8.05,0.52,10.9,0,15.8,7,chocolate,1.34,3,1,1,0,0,0,0,8.05750944304675
503,0.28,2.2,420.0,21.0,177.0,0.99166,8.2,0.57,11.4,0,14.0,7,raisins,1.79,3,1,0,1,0,0,0,8.052775318834048
504,0.32,8.8,420.0,18.0,106.0,0.99172,8.28,0.33,12.9,0,12.6,7,"nuts, chocolate",1.19,3,1,1,0,0,1,0,8.358858507370638
505,0.3,8.8,450.0,28.0,131.0,0.9953,8.12,0.59,9.9,0,13.6,7,"nuts, chocolate",1.52,3,1,1,0,0,1,0,7.534004130738776
506,0.2,3.7,390.0,34.0,132.0,0.99158,8.0,0.38,10.7,0,12.6,7,raisins,1.87,3,1,0,1,0,0,0,7.6852986012066715
507,0.32,9.0,230.0,20.0,109.0,0.99262,8.34,0.35,12.6,0,13.4,7,chocolate,1.7,3,1,1,0,0,0,0,8.60556682801187
508,0.29,3.1,300.0,32.0,123.0,0.98913,8.41,0.33,13.7,0,11.8,7,"chocolate, oats",1.03,3,1,1,0,1,0,0,8.880993837503286
509,0.26,4.6,310.0,26.0,120.0,0.99198,8.4,0.73,12.5,0,13.2,7,raisins,1.25,3,1,0,1,0,0,0,8.556225245291412
510,0.27,2.7,490.0,28.0,104.0,0.99224,8.46,0.55,10.3,0,10.8,7,"chocolate, oats",1.57,3,1,1,0,1,0,0,7.872125047942905
511,0.38,4.8,400.0,41.0,101.0,0.98968,8.24,0.56,13.1,0,12.0,7,raisins,1.28,3,1,0,1,0,0,0,8.601375900942795
512,0.25,11.1,560.0,112.0,177.0,0.9961,8.08,0.36,9.4,0,12.0,7,chocolate,1.68,3,1,1,0,0,0,0,7.559771913631625
513,0.31,10.2,690.0,58.0,170.0,0.99692,8.18,0.49,9.4,0,13.0,7,raisins,1.64,3,1,0,1,0,0,0,7.449312097951644
514,0.31,7.4,450.0,34.0,143.0,0.99226,8.06,0.55,12.2,0,13.6,7,raisins,1.12,3,1,0,1,0,0,0,8.351802833531377
515,0.24,17.8,470.0,42.0,111.0,0.99896,8.1,0.45,8.9,0,12.0,7,chocolate,1.47,3,1,1,0,0,0,0,7.522823145466159
516,0.26,12.1,460.0,43.0,127.0,0.9951,8.16,0.37,10.8,0,12.4,7,chocolate,1.66,3,1,1,0,0,0,0,8.042601990582948
517,0.26,8.2,430.0,28.0,98.0,0.99234,7.99,0.31,11.4,0,12.8,7,raisins,1.19,3,1,0,1,0,0,0,7.924145940762475
518,0.37,1.5,490.0,28.0,129.0,0.99226,8.15,0.52,10.8,0,14.2,7,chocolate,1.13,3,1,1,0,0,0,0,8.037348839891994
519,0.16,6.4,310.0,21.0,134.0,0.99151,8.24,0.46,12.2,0,11.8,7,"nuts, chocolate",1.02,3,1,1,0,0,1,0,8.172644572609453
520,0.29,7.7,380.0,40.0,179.0,0.99479,8.23,0.56,10.4,0,13.4,7,chocolate,1.94,3,1,1,0,0,0,0,7.997097852115264
521,0.3,12.3,350.0,72.0,172.0,0.9954,7.99,0.57,10.4,0,14.0,7,chocolate,1.71,3,1,1,0,0,0,0,8.02269737058646
522,0.12,1.1,130.0,4.0,10.0,0.99246,8.32,0.36,13.5,0,9.6,7,"nuts, oats, chocolate",1.68,3,1,1,0,1,1,0,8.6186273307552
523,0.38,2.8,1440.0,12.0,65.0,0.9908,7.95,0.64,11.4,0,12.2,7,chocolate,1.16,3,1,1,0,0,0,0,8.27786352263944
524,0.18,1.9,360.0,33.0,106.0,0.98746,8.21,0.83,14.0,0,10.0,7,"nuts, chocolate",1.29,3,1,1,0,0,1,0,8.910698159358635
525,0.3,6.2,400.0,49.0,139.0,0.99021,8.17,0.27,13.6,0,14.2,7,raisins,1.16,3,1,0,1,0,0,0,8.63245139841339
526,0.28,1.6,370.0,31.0,113.0,0.98779,8.12,0.4,14.2,0,12.8,7,raisins,1.92,3,1,0,1,0,0,0,8.847596783403379
527,0.28,1.4,350.0,28.0,107.0,0.98836,8.0,0.4,13.2,0,13.2,7,raisins,1.09,3,1,0,1,0,0,0,8.502174283134291
528,0.34,14.8,570.0,46.0,173.0,0.99751,8.14,0.57,10.2,0,14.6,7,raisins,1.23,3,1,0,1,0,0,0,7.8059784488532635
529,0.3,2.4,380.0,30.0,83.0,0.98867,8.09,0.36,12.8,0,13.4,7,raisins,1.49,3,1,0,1,0,0,0,8.343481957249306
530,0.36,6.7,1850.0,51.5,151.0,0.99528,8.17,0.42,9.3,0,13.0,7,raisins,1.01,3,1,0,1,0,0,0,7.319103641655882
531,0.34,1.0,680.0,32.0,143.0,0.99138,8.24,0.4,10.1,0,9.8,7,raisins,1.97,3,1,0,1,0,0,0,7.472042192640554
532,0.27,5.8,320.0,40.0,118.0,0.99088,8.17,0.53,13.0,0,14.4,7,"nuts,raisins",1.64,3,1,0,1,0,1,0,8.271475241263797
533,0.3,2.8,340.0,33.0,125.0,0.99152,8.03,0.49,10.4,0,12.8,7,"chocolate, oats",1.95,3,1,1,0,1,0,0,7.850365436975299
534,0.3,2.8,340.0,33.0,125.0,0.99152,8.03,0.49,10.4,0,12.8,7,"chocolate, oats",1.53,3,1,1,0,1,0,0,7.850365436975299
535,0.25,12.1,350.0,54.0,135.0,0.99481,8.21,0.4,10.7,0,12.2,7,chocolate,1.07,3,1,1,0,0,0,0,8.014183701746848
536,0.27,4.5,360.0,81.0,157.0,0.9928,8.05,0.76,10.7,0,12.6,7,chocolate,1.47,3,1,1,0,0,0,0,8.15759915333366
537,0.41,14.6,480.0,73.0,223.0,0.99863,8.16,0.71,9.4,0,14.6,7,chocolate,1.12,3,1,1,0,0,0,0,7.844778549662838
538,0.27,8.6,440.0,45.0,104.0,0.99454,8.2,0.37,9.9,0,13.6,7,"chocolate, oats",1.08,3,1,1,0,1,0,0,7.696887638548848
539,0.41,14.6,480.0,73.0,223.0,0.99863,8.16,0.71,9.4,0,14.6,7,chocolate,1.49,3,1,1,0,0,0,0,7.844778549662838
540,0.31,4.7,380.0,3.0,127.0,0.99186,7.9,0.72,12.1,0,16.0,7,raisins,1.66,3,1,0,1,0,0,0,8.400962350822066
541,0.29,3.1,410.0,37.0,144.0,0.98944,8.22,0.39,12.8,0,12.0,7,chocolate,1.11,3,1,1,0,0,0,0,8.598301438794483
542,0.32,5.9,540.0,40.0,152.0,0.9938,8.2,0.57,10.8,0,13.6,7,chocolate,1.87,3,1,1,0,0,0,0,8.116325468868812
543,0.49,5.8,530.0,25.0,120.0,0.9942,8.01,0.98,10.5,0,12.8,7,chocolate,1.44,3,1,1,0,0,0,0,8.257783285048415
544,0.48,18.0,540.0,56.0,183.0,1.0003799999999998,7.98,0.61,8.5,0,13.0,7,"chocolate, oats",1.49,3,1,1,0,1,0,0,7.516093053988687
545,0.57,1.0,600.0,15.0,120.0,0.9924,8.06,0.41,9.5,0,12.8,7,chocolate,1.86,3,1,1,0,0,0,0,7.505028770652533
546,0.57,1.0,600.0,15.0,120.0,0.9924,8.06,0.41,9.5,0,12.8,7,chocolate,1.77,3,1,1,0,0,0,0,7.505028770652533
547,0.16,4.4,330.0,8.0,109.0,0.99058,8.35,0.47,12.4,0,12.2,7,"chocolate, oats, peanut butter",1.2,3,1,1,0,1,0,1,7.870236195747683
548,0.36,1.3,340.0,32.0,98.0,0.99058,8.02,0.58,11.3,0,13.6,7,"chocolate, oats",1.53,3,1,1,0,1,0,0,8.199550598283135
549,0.28,17.55,500.0,33.0,154.0,0.99971,7.94,0.43,9.0,0,14.4,7,"chocolate, oats",1.37,3,1,1,0,1,0,0,7.571971320649698
550,0.27,8.0,480.0,41.0,162.0,0.99498,8.21,0.51,9.9,0,12.2,7,chocolate,1.84,3,1,1,0,0,0,0,7.79232076246274
551,0.26,9.6,500.0,33.0,134.0,0.99608,8.13,0.46,10.4,0,14.8,7,raisins,1.48,3,1,0,1,0,0,0,7.768580216894211
552,0.21,1.5,440.0,21.0,110.0,0.99138,8.3,0.57,11.0,0,11.6,7,chocolate,1.29,3,1,1,0,0,0,0,8.110547491073437
553,0.28,8.6,460.0,37.0,142.0,0.99432,8.23,0.53,10.6,0,11.8,7,chocolate,1.46,3,1,1,0,0,0,0,8.037236048424933
554,0.27,3.8,470.0,16.0,79.0,0.99173,8.07,0.46,11.3,0,14.6,7,chocolate,1.67,3,1,1,0,0,0,0,8.167328270550211
555,0.27,10.7,1100.0,20.0,103.0,0.99672,8.08,0.41,9.0,0,13.2,7,"nuts, chocolate",1.74,3,1,1,0,0,1,0,7.148234661715673
556,0.28,7.9,570.0,21.0,82.0,0.99425,8.26,0.36,10.0,0,12.8,7,"chocolate, oats",1.34,3,1,1,0,1,0,0,7.718069378842262
557,0.23,14.2,370.0,24.0,99.0,0.99528,8.08,0.38,10.6,0,12.6,7,chocolate,1.78,3,1,1,0,0,0,0,7.98145647649817
558,0.23,9.5,570.0,54.0,166.0,0.99568,8.23,0.42,10.0,0,13.8,7,raisins,1.85,3,1,0,1,0,0,0,7.586838298956774
559,0.45,1.4,390.0,36.0,122.0,0.99059,8.07,0.47,11.1,0,13.8,7,raisins,1.73,3,1,0,1,0,0,0,7.850897000636909
560,0.26,20.3,370.0,45.0,150.0,0.99727,8.04,0.38,12.3,0,13.6,7,raisins,1.13,3,1,0,1,0,0,0,8.452303343510753
561,0.22,2.7,430.0,46.0,153.0,0.99238,8.75,0.76,11.3,0,10.0,7,chocolate,1.17,3,1,1,0,0,0,0,8.362320444790758
562,0.31,3.5,460.0,22.0,147.0,0.99024,8.15,0.31,12.0,0,13.0,7,"nuts, chocolate",1.45,3,1,1,0,0,1,0,7.971684382641659
563,0.5,12.1,490.0,48.0,122.0,0.9973,8.01,0.44,9.0,0,14.8,7,chocolate,1.46,3,1,1,0,0,0,0,7.499528912362624
564,0.22,17.45,540.0,42.0,151.0,0.99853,8.12,0.6,9.3,0,12.6,7,chocolate,1.39,3,1,1,0,0,0,0,7.741379591832615
565,0.25,12.1,590.0,33.0,171.0,0.99769,8.14,0.56,8.7,0,12.4,7,raisins,1.98,3,1,0,1,0,0,0,7.260135006058132
566,0.26,8.6,480.0,47.0,206.0,0.9964,8.26,0.36,9.1,0,14.8,7,raisins,1.07,3,1,0,1,0,0,0,7.247900054037853
567,0.26,8.6,480.0,47.0,206.0,0.9964,8.26,0.36,9.1,0,14.8,7,raisins,1.65,3,1,0,1,0,0,0,7.247900054037853
568,0.29,11.9,520.0,54.0,160.0,0.99546,8.03,0.58,10.4,0,13.6,7,chocolate,1.05,3,1,1,0,0,0,0,8.030441571270547
569,0.25,15.0,550.0,8.0,120.0,0.99767,8.19,0.53,9.6,0,12.4,7,chocolate,1.16,3,1,1,0,0,0,0,7.782064063516113
570,0.25,15.0,550.0,8.0,120.0,0.99767,8.19,0.53,9.6,0,12.4,7,chocolate,1.87,3,1,1,0,0,0,0,7.782064063516113
571,0.3,13.7,560.0,33.0,168.0,0.99825,7.9,0.44,8.7,0,14.8,7,"chocolate, oats",1.82,3,1,1,0,1,0,0,7.421191785111258
572,0.3,13.7,560.0,33.0,168.0,0.99825,7.9,0.44,8.7,0,14.8,7,"chocolate, oats",1.11,3,1,1,0,1,0,0,7.421191785111258
573,0.33,3.2,490.0,68.0,161.0,0.99324,8.1,0.69,10.2,0,13.6,7,chocolate,1.03,3,1,1,0,0,0,0,7.949345421551552
574,0.4,15.4,520.0,81.0,198.0,0.9986,8.2,0.69,9.4,0,13.8,7,chocolate,1.23,3,1,1,0,0,0,0,7.832211927568917
575,0.3,1.4,400.0,14.0,63.0,0.98985,8.2,0.33,12.0,0,14.0,7,chocolate,1.29,3,1,1,0,0,0,0,8.28569199772041
576,0.24,6.5,440.0,28.0,100.0,0.99348,8.12,0.33,10.2,0,13.4,7,chocolate,1.8,3,1,1,0,0,0,0,7.748468310904432
577,0.53,12.9,490.0,63.0,139.0,0.99792,7.94,0.45,9.1,0,15.8,7,raisins,1.59,3,1,0,1,0,0,0,7.349412790069852
578,0.42,11.8,410.0,32.0,193.0,0.99624,8.04,0.49,10.0,0,14.2,7,raisins,1.24,3,1,0,1,0,0,0,7.645592693727561
579,0.32,4.6,410.0,31.0,180.0,0.99184,7.92,0.74,12.2,0,16.0,7,raisins,1.45,3,1,0,1,0,0,0,8.448298472442008
580,0.24,12.1,560.0,68.0,210.0,0.99718,8.05,0.5,9.5,0,14.0,7,"nuts, chocolate",1.14,3,1,1,0,0,1,0,7.397298881909482
581,0.11,1.1,290.0,6.0,51.0,0.99076,8.51,0.48,11.2,0,10.6,7,"nuts, chocolate",1.85,3,1,1,0,0,1,0,7.795962005320494
582,0.35,6.5,290.0,26.0,87.0,0.99092,8.29,0.44,12.5,0,10.8,7,chocolate,1.2,3,1,1,0,0,0,0,8.566152084219997
583,0.37,2.5,660.0,29.0,89.0,0.98964,8.14,0.42,12.7,0,15.0,7,raisins,1.59,3,1,0,1,0,0,0,8.373357621756501
584,0.3,1.2,300.0,27.0,80.0,0.99192,8.05,0.68,10.5,0,15.0,7,chocolate,1.6,3,1,1,0,0,0,0,8.009874441729732
585,0.36,1.8,410.0,38.0,90.0,0.99002,8.27,0.98,11.9,0,11.4,7,chocolate,1.4,3,1,1,0,0,0,0,8.631580813141543
586,0.29,4.2,370.0,69.0,144.0,0.99214,8.13,0.74,10.8,0,11.8,7,chocolate,1.08,3,1,1,0,0,0,0,8.160972786553895
587,0.48,13.5,380.0,44.0,116.0,0.9982,8.04,0.48,9.2,0,15.2,7,raisins,1.02,3,1,0,1,0,0,0,7.412284523771884
588,0.2,1.6,400.0,26.0,114.0,0.99105,8.25,0.45,11.4,0,11.8,7,"chocolate, oats",1.18,3,1,1,0,1,0,0,8.175848967321873
589,0.19,2.2,440.0,39.0,161.0,0.99209,8.19,0.43,10.4,0,11.0,7,chocolate,1.75,3,1,1,0,0,0,0,7.834091952038047
590,0.22,5.25,380.0,44.0,145.0,0.99184,8.22,0.4,11.2,0,12.4,7,raisins,1.77,3,1,0,1,0,0,0,7.887295543726697
591,0.05,8.0,360.0,19.0,164.0,0.99269,8.26,0.46,12.2,0,14.0,7,"nuts,raisins",1.35,3,1,0,1,0,1,0,7.998519352176846
592,0.22,5.25,380.0,44.0,145.0,0.99184,8.22,0.4,11.2,0,12.4,7,raisins,1.63,3,1,0,1,0,0,0,7.887295543726697
593,0.27,2.3,440.0,20.0,117.0,0.9895,8.31,0.41,12.7,0,12.0,7,chocolate,1.57,3,1,1,0,0,0,0,8.575449277079219
594,0.24,17.8,590.0,23.0,124.0,0.99773,8.3,0.5,10.1,0,11.4,7,chocolate,1.97,3,1,1,0,0,0,0,7.948586424031543
595,0.23,8.9,1050.0,22.0,155.0,0.99692,8.01,0.58,9.5,0,14.4,7,raisins,1.93,3,1,0,1,0,0,0,7.537871938696856
596,0.24,7.4,440.0,21.0,113.0,0.99462,8.38,0.58,10.5,0,11.8,7,chocolate,1.54,3,1,1,0,0,0,0,8.039564341611449
597,0.27,11.5,500.0,51.0,133.0,0.99476,8.22,0.37,10.8,0,12.2,7,chocolate,1.11,3,1,1,0,0,0,0,8.031564157769107
598,0.27,1.6,390.0,36.0,116.0,0.99178,8.38,0.57,11.0,0,13.0,7,chocolate,1.64,3,1,1,0,0,0,0,8.123533176736782
599,0.25,4.8,380.0,16.0,121.0,0.99198,8.36,0.71,12.6,0,13.2,7,raisins,1.95,3,1,0,1,0,0,0,8.581025259856165
600,0.29,4.2,430.0,33.0,114.0,0.9902,8.16,0.31,12.5,0,13.8,7,chocolate,1.16,3,1,1,0,0,0,0,8.467425328176343
601,0.24,5.4,350.0,33.0,115.0,0.9901,8.12,0.44,12.8933333333333,0,13.4,7,"nuts, chocolate",1.91,3,1,1,0,0,1,0,8.367600125932267
602,0.28,1.0,430.0,45.0,100.0,0.99033,8.4,0.41,11.4,0,11.8,7,chocolate,1.42,3,1,1,0,0,0,0,8.129289341789505
603,0.27,13.9,570.0,45.0,155.0,0.99807,7.94,0.41,8.8,0,14.6,7,"chocolate, oats",1.11,3,1,1,0,1,0,0,7.434351893292931
604,0.29,2.0,440.0,15.0,96.0,0.99232,8.23,0.64,10.4,0,13.6,7,chocolate,1.15,3,1,1,0,0,0,0,7.963282025820792
605,0.35,3.2,340.0,21.0,107.0,0.99195,8.11,0.54,11.1,0,14.2,7,chocolate,1.69,3,1,1,0,0,0,0,8.148055759873873
606,0.2,7.5,500.0,44.0,179.0,0.99504,8.18,0.48,9.53333333333333,0,13.0,7,chocolate,1.65,3,1,1,0,0,0,0,7.6434396342840465
607,0.2,5.8,620.0,52.0,203.0,0.99461,8.17,0.44,9.8,0,14.4,7,raisins,1.33,3,1,0,1,0,0,0,7.490908865008624
608,0.25,11.2,480.0,32.0,136.0,0.99663,8.14,0.4,9.5,0,14.2,7,raisins,1.21,3,1,0,1,0,0,0,7.424123055568362
609,0.21,9.65,410.0,36.0,119.0,0.99334,7.99,0.34,10.933333333333302,0,12.8,7,chocolate,1.39,3,1,1,0,0,0,0,8.0165995438057
610,0.23,3.5,380.0,23.0,112.0,0.99157,8.05,0.37,11.3666666666667,0,14.2,7,chocolate,1.24,3,1,1,0,0,0,0,8.134228672596233
611,0.29,7.3,500.0,33.0,143.0,0.99332,8.31,0.5,11.066666666666698,0,11.4,7,raisins,1.48,3,1,0,1,0,0,0,7.9447824453817155
612,0.31,5.0,430.0,54.0,170.0,0.9924,8.28,0.52,11.0,0,12.0,7,chocolate,1.54,3,1,1,0,0,0,0,8.114679250342032
613,0.33,1.2,390.0,34.0,97.0,0.99112,8.11,0.75,11.2,0,14.2,7,chocolate,1.55,3,1,1,0,0,0,0,8.279226476882702
614,0.22,9.5,400.0,30.0,111.0,0.99338,8.05,0.31,10.8,0,12.6,7,chocolate,1.97,3,1,1,0,0,0,0,7.951985455223035
615,0.44,15.8,570.0,39.0,167.0,0.99804,8.14,0.51,9.2,0,12.4,7,chocolate,1.96,3,1,1,0,0,0,0,7.636912286149791
616,0.26,11.8,530.0,55.0,173.0,0.99699,8.11,0.6,9.8,0,14.8,7,chocolate,1.41,3,1,1,0,0,0,0,7.873348253198412
617,0.26,11.8,530.0,55.0,173.0,0.99699,8.11,0.6,9.8,0,14.8,7,chocolate,1.87,3,1,1,0,0,0,0,7.873348253198412
618,0.28,2.2,400.0,24.0,125.0,0.9917,8.19,0.48,10.5,0,12.4,7,chocolate,1.36,3,1,1,0,0,0,0,7.886805357923148
619,0.23,17.3,470.0,37.0,118.0,0.99906,8.08,0.46,8.8,0,13.2,7,chocolate,1.9,3,1,1,0,0,0,0,7.495473204482646
620,0.23,17.3,470.0,37.0,118.0,0.99906,8.08,0.46,8.8,0,13.2,7,chocolate,1.76,3,1,1,0,0,0,0,7.495473204482646
621,0.52,6.5,470.0,28.0,123.0,0.99418,8.22,0.49,9.9,0,12.4,7,chocolate,1.55,3,1,1,0,0,0,0,7.75475669546687
622,0.34,2.8,420.0,59.5,162.0,0.99179,8.27,0.47,10.8,0,12.2,7,raisins,1.28,3,1,0,1,0,0,0,7.780675926925145
623,0.28,2.8,430.0,17.0,67.0,0.98924,8.21,0.47,13.2,0,13.2,7,raisins,1.28,3,1,0,1,0,0,0,8.57131722643577
624,0.26,10.9,600.0,55.0,193.0,0.9969,8.21,0.44,9.4,0,13.8,7,"nuts,raisins",1.29,3,1,0,1,0,1,0,7.104605111564201
625,0.3,9.15,510.0,25.0,166.0,0.99339,8.24,0.56,11.333333333333302,0,13.0,7,chocolate,1.16,3,1,1,0,0,0,0,8.291313247810276
626,0.31,16.4,510.0,20.0,146.0,0.99834,8.06,0.54,9.1,0,13.4,7,raisins,1.1,3,1,0,1,0,0,0,7.415214890527647
627,0.31,16.4,510.0,20.0,146.0,0.99834,8.06,0.54,9.1,0,13.4,7,raisins,1.48,3,1,0,1,0,0,0,7.415214890527647
628,0.29,19.3,510.0,36.0,174.0,0.99911,8.14,0.5,9.0,0,12.0,7,chocolate,1.02,3,1,1,0,0,0,0,7.593067226996798
629,0.27,2.1,420.0,35.0,100.0,0.99094,8.03,0.63,10.9,0,12.8,7,chocolate,1.61,3,1,1,0,0,0,0,8.094648613617341
630,0.29,1.0,420.0,35.0,90.0,0.9908,8.76,0.49,11.3,0,9.4,7,"chocolate, oats",1.79,3,1,1,0,1,0,0,8.154525594886696
631,0.33,1.9,360.0,37.0,110.0,0.98945,8.26,0.58,12.4,0,11.4,7,chocolate,1.75,3,1,1,0,0,0,0,8.563185848857476
632,0.18,1.2,580.0,7.0,108.0,0.99288,8.23,0.58,9.55,0,11.6,7,chocolate,1.48,3,1,1,0,0,0,0,7.637345861753499
633,0.26,4.5,530.0,17.0,126.0,0.9943,8.24,0.46,9.1,0,11.6,7,"nuts,raisins",1.49,3,1,0,1,0,1,0,6.922612719719812
634,0.33,2.0,330.0,12.0,74.0,0.99064,8.29,0.65,12.5,0,13.4,7,raisins,1.61,3,1,0,1,0,0,0,8.4663524156425
635,0.17,1.3,610.0,14.0,100.0,0.9925,8.07,0.55,9.5,0,13.4,7,chocolate,1.13,3,1,1,0,0,0,0,7.589424061752599
636,0.32,1.1,340.0,24.0,110.0,0.9898,8.36,0.4,12.5,0,12.2,7,chocolate,1.85,3,1,1,0,0,0,0,8.506606773024277
637,0.18,9.0,510.0,28.5,259.0,0.9964,8.19,0.5,8.8,0,12.2,7,"nuts, chocolate",1.34,3,1,1,0,0,1,0,7.117227823228408
638,0.22,12.7,580.0,24.0,183.0,0.9956,8.32,0.42,11.7,0,11.6,7,"chocolate, oats",1.06,3,1,1,0,1,0,0,8.4153502289405
639,0.21,1.3,560.0,35.0,121.0,0.9908,8.32,0.33,11.4,0,11.6,7,"chocolate, oats",1.28,3,1,1,0,1,0,0,8.098176739767244
640,0.37,9.1,370.0,16.0,76.0,0.9948,8.05,0.54,11.1,0,13.8,7,chocolate,1.3,3,1,1,0,0,0,0,8.240578770225223
641,0.22,14.7,470.0,51.0,183.0,0.998275,8.39,0.6,10.5,0,12.8,7,"nuts, chocolate",1.91,3,1,1,0,0,1,0,7.854737777098119
642,0.3,3.9,260.0,36.0,105.0,0.98963,8.26,0.58,12.75,0,11.4,7,chocolate,1.77,3,1,1,0,0,0,0,8.696403893224751
643,0.32,9.3,400.0,22.0,110.0,0.9958,8.34,0.54,10.7,0,13.8,7,chocolate,1.35,3,1,1,0,0,0,0,8.12747214344785
644,0.15,1.1,290.0,12.0,83.0,0.9898,8.3,0.4,11.4,0,11.6,7,chocolate,1.94,3,1,1,0,0,0,0,8.106286960450984
645,0.32,1.2,420.0,40.0,98.0,0.9898,8.42,0.64,11.8,0,9.6,7,"chocolate, oats",1.11,3,1,1,0,1,0,0,8.390970149416813
646,0.23,11.8,300.0,23.0,158.0,0.99322,8.41,0.64,11.8,0,10.0,7,raisins,1.25,3,1,0,1,0,0,0,8.289564768698948
647,0.35,10.0,350.0,22.0,108.0,0.99457,8.12,0.36,11.6,0,16.0,7,raisins,1.5,3,1,0,1,0,0,0,8.098308297976434
648,0.3,2.2,350.0,26.0,129.0,0.989,8.32,0.47,12.9,0,11.6,7,"nuts, chocolate",1.46,3,1,1,0,0,1,0,8.351704714544095
649,0.35,6.9,300.0,45.0,116.0,0.99244,7.8,0.54,11.0,0,13.8,7,chocolate,1.51,3,1,1,0,0,0,0,8.127570514577545
650,0.18,2.0,360.0,23.0,129.0,0.98949,8.36,0.77,13.4,0,10.4,7,"nuts,raisins",1.12,3,1,0,1,0,1,0,8.5110331725495
651,0.23,6.65,340.0,6.0,158.0,0.99344,8.05,0.48,11.2,0,16.6,7,"nuts, chocolate",1.33,3,1,1,0,0,1,0,7.882966099264923
652,0.38,10.7,380.0,49.0,136.0,0.99366,8.11,0.59,11.2,0,11.6,7,chocolate,1.48,3,1,1,0,0,0,0,8.26894401549156
653,0.36,1.2,350.0,43.0,126.0,0.99094,8.01,0.63,11.4,0,13.2,7,chocolate,1.04,3,1,1,0,0,0,0,8.276612164787021
654,0.3,1.3,300.0,25.0,98.0,0.98968,8.37,0.43,12.4,0,11.4,7,chocolate,1.25,3,1,1,0,0,0,0,8.48370740059509
655,0.22,3.4,350.0,40.0,122.0,0.99024,8.09,0.47,12.3,0,13.6,7,chocolate,1.92,3,1,1,0,0,0,0,8.488680041628196
656,0.06,6.8,420.0,9.0,84.0,0.99432,8.44,0.44,10.2,0,11.4,7,"nuts, oats, chocolate",1.69,3,1,1,0,1,1,0,7.524422114046576
657,0.28,2.5,350.0,18.0,73.0,0.98868,8.1,0.47,12.8,0,12.6,7,raisins,1.08,3,1,0,1,0,0,0,8.407566425571343
658,0.36,8.2,280.0,44.0,111.0,0.99272,8.14,0.41,12.4,0,14.6,7,"chocolate, oats",1.45,3,1,1,0,1,0,0,8.570805915967359
659,0.34,6.1,340.0,31.0,114.0,0.99365,8.32,0.58,10.15,0,12.2,7,"chocolate, oats",1.11,3,1,1,0,1,0,0,7.880699568059054
660,0.33,6.0,360.0,30.0,111.0,0.99362,8.32,0.58,10.15,0,12.0,7,"chocolate, oats",1.92,3,1,1,0,1,0,0,7.879725641634305
661,0.49,11.4,350.0,57.0,137.0,0.99732,8.08,0.54,8.9,0,13.2,7,chocolate,1.93,3,1,1,0,0,0,0,7.521748964757723
662,0.33,0.7,270.0,15.0,66.0,0.9899,8.11,0.31,11.8,0,13.6,7,raisins,1.04,3,1,0,1,0,0,0,7.990504099151796
663,0.32,10.4,620.0,23.0,114.0,0.9966,8.23,0.49,10.5,0,14.4,7,chocolate,1.18,3,1,1,0,0,0,0,8.05167635513374
664,0.32,12.5,350.0,18.0,156.0,0.99666,7.88,0.36,9.0,0,13.4,7,"chocolate, oats",1.32,3,1,1,0,1,0,0,7.432381032624573
665,0.32,12.5,350.0,18.0,156.0,0.99666,7.88,0.36,9.0,0,13.4,7,"chocolate, oats",1.49,3,1,1,0,1,0,0,7.432381032624573
666,0.09,7.6,440.0,34.0,144.0,0.9948,8.26,0.38,10.1,0,12.8,7,"nuts, oats, chocolate",1.82,3,1,1,0,1,1,0,7.468834139601139
667,0.28,1.4,370.0,36.0,83.0,0.99074,8.33,0.42,10.9,0,11.8,7,"chocolate, oats",1.64,3,1,1,0,1,0,0,7.966432466259345
668,0.16,12.55,510.0,31.0,115.0,0.99564,8.4,0.38,10.8,0,11.2,7,chocolate,1.52,3,1,1,0,0,0,0,8.065929014063048
669,0.38,2.6,330.0,10.0,69.0,0.9909,8.12,0.59,10.8,0,11.0,7,raisins,1.96,3,1,0,1,0,0,0,7.821338950339236
670,0.32,1.3,440.0,18.0,93.0,0.99044,8.11,0.56,12.25,0,13.2,7,chocolate,1.73,3,1,1,0,0,0,0,8.529143659854181
671,0.33,10.7,360.0,27.0,98.0,0.99521,8.34,0.52,10.2,0,12.2,7,raisins,1.77,3,1,0,1,0,0,0,7.702329017116082
672,0.36,1.7,420.0,14.0,61.0,0.99144,8.22,0.54,10.8,0,12.0,7,"chocolate, oats",1.94,3,1,1,0,1,0,0,8.022320879951305
673,0.32,3.6,350.0,36.0,133.0,0.99215,8.23,0.46,10.8,0,12.0,7,chocolate,1.6,3,1,1,0,0,0,0,7.9989996893270465
674,0.25,2.9,470.0,289.0,440.0,0.99314,8.44,0.64,10.5,0,12.2,7,chocolate,1.69,3,1,1,0,0,0,0,8.026295391664586
675,0.36,1.3,350.0,40.0,78.0,0.9891,8.23,0.64,12.1,0,10.2,7,chocolate,1.35,3,1,1,0,0,0,0,8.47742333020776
676,0.73,2.2,270.0,21.0,92.0,0.99,8.12,0.48,12.4,0,13.2,7,chocolate,1.5,3,1,1,0,0,0,0,8.523077688298702
677,0.26,3.5,350.0,38.0,111.0,0.98872,8.18,0.47,13.6,0,12.0,7,raisins,1.14,3,1,0,1,0,0,0,8.700006676009163
678,0.3,13.0,470.0,69.0,160.0,0.99705,8.16,0.5,9.6,0,13.6,7,chocolate,1.99,3,1,1,0,0,0,0,7.744547207234174
679,0.32,2.0,340.0,31.0,102.0,0.98952,8.16,0.56,12.3,0,11.8,7,chocolate,1.99,3,1,1,0,0,0,0,8.517472937945453
680,0.5,12.1,450.0,38.0,127.0,0.9974,8.04,0.53,8.9,0,13.4,7,raisins,1.57,3,1,0,1,0,0,0,7.306116760916321
681,0.33,1.1,390.0,45.0,126.0,0.99051,8.31,0.45,11.6,0,12.0,7,chocolate,1.51,3,1,1,0,0,0,0,8.231103712144222
682,0.46,0.9,330.0,9.0,65.0,0.98934,8.24,0.35,12.1,0,12.0,7,raisins,1.31,3,1,0,1,0,0,0,8.104687661263267
683,0.09,10.9,510.0,37.0,131.0,0.99566,7.93,0.62,9.5,0,13.2,7,chocolate,1.94,3,1,1,0,0,0,0,7.732585413335141
684,0.01,3.2,410.0,18.0,120.0,0.99026,8.2,0.94,13.7,0,12.4,7,"nuts, oats",1.26,3,1,0,0,1,1,0,8.74374666134123
685,0.25,3.7,310.0,38.0,122.0,0.99128,8.2,0.63,11.2,0,11.6,7,raisins,1.53,3,1,0,1,0,0,0,8.00243158399351
686,0.35,5.1,260.0,17.0,113.0,0.99052,8.18,0.67,12.4,0,11.4,7,"nuts, chocolate",1.56,3,1,1,0,0,1,0,8.335013725586872
687,0.5,1.0,1270.0,63.0,178.0,0.99212,8.1,0.45,9.7,0,11.6,7,raisins,1.82,3,1,0,1,0,0,0,7.379476609354935
688,0.47,1.3,430.0,18.0,131.0,0.99176,8.19,0.45,11.0,0,14.0,7,chocolate,1.31,3,1,1,0,0,0,0,8.05332771843857
689,0.35,10.3,420.0,54.0,140.0,0.9967,8.23,0.47,9.2,0,12.8,7,chocolate,1.18,3,1,1,0,0,0,0,7.570224847839231
690,0.35,10.3,420.0,54.0,140.0,0.9967,8.23,0.47,9.2,0,12.8,7,chocolate,1.55,3,1,1,0,0,0,0,7.570224847839231
691,0.26,1.1,350.0,40.0,102.0,0.99154,8.47,0.56,10.6,0,11.2,7,chocolate,1.5,3,1,1,0,0,0,0,7.964374576568435
692,0.24,7.4,380.0,28.0,114.0,0.99313,8.38,0.51,11.0,0,10.6,7,chocolate,1.97,3,1,1,0,0,0,0,8.13258177884305
693,0.44,8.9,550.0,52.0,164.0,0.99488,8.1,0.48,9.6,0,12.8,7,raisins,1.57,3,1,0,1,0,0,0,7.450074173701854
694,0.29,3.9,410.0,22.0,79.0,0.99005,8.1,0.59,12.066666666666698,0,12.4,7,raisins,1.34,3,1,0,1,0,0,0,8.254718697934496
695,0.34,1.4,310.0,3.0,60.0,0.98854,8.27,0.38,13.0,0,10.6,7,"nuts, oats, chocolate",1.08,3,1,1,0,1,1,0,8.320996755753892
696,0.33,10.1,320.0,8.0,81.0,0.99626,8.19,0.51,9.8,0,13.2,7,chocolate,1.49,3,1,1,0,0,0,0,7.797482246351517
697,0.4,1.9,150.0,20.0,98.0,0.9897,8.37,0.55,12.05,0,10.0,7,chocolate,1.56,3,1,1,0,0,0,0,8.426538373074532
698,0.42,2.5,380.0,34.0,117.0,0.99132,8.36,0.59,11.6,0,12.4,7,raisins,1.56,3,1,0,1,0,0,0,8.126115602157238
699,0.0,0.8,320.0,12.0,82.0,0.99286,8.25,0.36,8.8,0,11.8,7,"nuts,raisins",1.61,3,1,0,1,0,1,0,6.7087226422840835
700,0.4,8.1,460.0,68.0,170.0,0.99494,8.15,0.5,9.53333333333333,0,13.2,7,raisins,1.81,3,1,0,1,0,0,0,7.439352915397908
701,0.17,1.9,350.0,60.0,148.0,0.98964,8.27,0.35,11.5,0,9.8,7,"nuts, chocolate",1.5,3,1,1,0,0,1,0,7.793427694315302
702,0.4,8.1,460.0,68.0,170.0,0.99494,8.15,0.5,9.55,0,13.2,7,raisins,1.54,3,1,0,1,0,0,0,7.445418367103567
703,0.28,5.7,280.0,45.0,121.0,0.99168,8.21,1.08,12.15,0,12.4,7,chocolate,1.73,3,1,1,0,0,0,0,8.83441666257514
704,0.29,2.2,360.0,25.0,100.0,0.98938,8.06,0.44,11.8,0,12.2,7,raisins,1.9,3,1,0,1,0,0,0,8.04897522963908
705,0.3,1.1,220.0,20.0,110.0,0.98869,8.34,0.38,12.8,0,11.0,7,chocolate,1.62,3,1,1,0,0,0,0,8.568156930341122
706,0.18,3.8,1760.0,52.0,145.0,0.9986,8.16,0.88,9.2,0,17.8,7,"nuts, oats, chocolate",1.46,3,0,1,0,1,1,0,5.4036442687166435
707,0.24,1.8,800.0,4.0,11.0,0.9962,8.28,0.59,9.5,0,15.2,7,"nuts, chocolate",1.03,3,0,1,0,0,1,0,5.266814198235341
708,0.07,2.4,890.0,17.0,82.0,0.9958,8.35,0.54,10.1,0,13.4,7,"nuts, oats, chocolate",1.67,3,0,1,0,1,1,0,5.443203034802682
709,0.04,2.1,680.0,6.0,14.0,0.9955,8.39,0.64,9.4,0,13.2,7,"nuts,raisins",1.77,3,0,0,1,0,1,0,5.02424528412401
710,0.3,2.1,840.0,11.0,50.0,0.9972,8.4,0.61,10.2,0,16.6,7,"nuts, oats, chocolate",1.01,3,0,1,0,1,1,0,5.565620079700434
711,0.14,2.4,670.0,10.0,42.0,0.9969,8.19,0.59,9.5,0,17.6,7,"nuts, oats, chocolate",1.57,3,0,1,0,1,1,0,5.289539148146201
712,0.36,1.6,890.0,14.0,37.0,0.99615,8.34,0.56,9.2,0,14.0,7,"nuts, chocolate",1.66,3,0,1,0,0,1,0,5.138623813321853
713,0.31,1.8,690.0,26.0,120.0,0.99625,8.29,0.53,9.3,0,15.6,7,"nuts,raisins",1.06,3,0,0,1,0,1,0,4.94844090832839
714,0.16,2.0,1010.0,13.0,49.0,0.9962,8.14,0.57,11.0,0,17.4,7,"nuts, oats, chocolate",1.28,3,0,1,0,1,1,0,5.8011121560752095
715,0.25,2.6,730.0,29.0,63.0,0.99615,8.37,0.58,10.5,0,15.4,7,"nuts, chocolate",1.61,3,0,1,0,0,1,0,5.623321742032193
716,0.25,2.4,980.0,5.0,16.0,0.9964,8.41,0.6,10.1,0,13.8,7,raisins,1.52,3,0,0,1,0,0,0,5.600102620097086
717,0.38,1.7,620.0,9.0,30.0,0.9968,8.41,0.53,9.5,0,14.8,7,chocolate,1.64,3,0,1,0,0,0,0,5.566590602654177
718,0.5,4.5,1070.0,5.0,13.0,0.998,8.28,0.83,11.5,0,20.6,7,"nuts, chocolate",1.03,3,0,1,0,0,1,0,6.192216336429215
719,0.39,2.0,610.0,7.0,15.0,0.9981,8.18,0.62,9.5,0,21.4,7,"nuts, chocolate",1.36,3,0,1,0,0,1,0,5.3458852486400055
720,0.28,3.2,660.0,21.0,114.0,0.9973,8.22,0.54,9.4,0,16.0,7,"nuts,raisins",1.4,3,0,0,1,0,1,0,5.024717391263199
721,0.5,2.4,660.0,10.0,21.0,1.0,8.12,1.18,9.2,0,24.4,7,raisins,1.59,3,0,0,1,0,0,0,5.72562757336782
722,0.67,3.0,930.0,6.0,15.0,0.9986,8.02,0.93,12.0,0,27.6,7,"nuts, chocolate",1.47,3,0,1,0,0,1,0,6.451621894439786
723,0.66,2.95,1160.0,12.0,29.0,0.997,8.24,0.75,11.7,0,21.0,7,"nuts, chocolate",1.32,3,0,1,0,0,1,0,6.186166760062026
724,0.61,2.0,1120.0,13.0,95.0,0.997,8.16,0.54,9.1,0,16.8,7,"nuts, oats, chocolate",1.76,3,0,1,0,1,1,0,5.1182329894533645
725,0.59,2.6,870.0,13.0,49.0,0.9988,8.18,0.65,11.0,0,23.0,7,"nuts,raisins",1.57,3,0,0,1,0,1,0,5.719456902424181
726,0.58,3.7,1740.0,6.0,16.0,0.997,8.19,0.7,11.3,0,20.8,7,raisins,1.32,3,0,0,1,0,0,0,6.114257149745203
727,0.55,3.2,760.0,22.0,54.0,0.9996,8.15,0.89,9.9,0,20.8,7,"nuts, chocolate",1.75,3,0,1,0,0,1,0,5.6966538023471465
728,0.72,2.2,720.0,6.0,29.0,0.9987,7.88,0.82,9.8,0,25.2,7,raisins,1.49,3,0,0,1,0,0,0,5.693111834320437
729,0.02,1.2,700.0,36.0,48.0,0.9952,8.2,0.58,9.8,0,17.4,7,"chocolate, peanut butter",1.67,3,0,1,0,0,0,1,4.9869333409472425
730,0.39,15.5,690.0,6.0,23.0,1.0026,8.12,0.66,9.2,0,21.2,7,chocolate,1.55,3,0,1,0,0,0,0,5.721057435920532
731,0.31,3.0,860.0,23.0,81.0,1.0002,8.48,0.74,11.6,0,17.4,7,"nuts, oats, chocolate",1.82,3,0,1,0,1,1,0,6.247863187300272
732,0.47,1.9,780.0,6.0,24.0,0.9976,8.18,1.04,10.9,0,21.0,7,chocolate,1.03,3,0,1,0,0,0,0,6.397673656819915
733,0.49,4.6,730.0,19.0,43.0,0.9978,8.02,0.61,9.5,0,24.8,7,"nuts, chocolate",1.61,3,0,1,0,0,1,0,5.3303496365579015
734,0.49,6.3,640.0,5.0,17.0,0.9988,8.21,0.73,11.0,0,19.0,7,"nuts, chocolate",2.0,3,0,1,0,0,1,0,5.978260678240357
735,0.41,3.3,920.0,26.0,52.0,0.9982,8.31,0.53,10.5,0,17.6,7,"nuts, chocolate",1.32,3,0,1,0,0,1,0,5.660891641883911
736,0.51,2.2,790.0,14.0,28.0,0.9982,8.03,0.93,9.8,0,23.0,7,raisins,1.13,3,0,0,1,0,0,0,5.740639553421705
737,0.45,2.3,710.0,16.0,40.0,0.9991,8.39,0.62,9.4,0,19.8,7,"nuts,raisins",1.6,3,0,0,1,0,1,0,5.129523759424959
738,0.55,2.1,710.0,5.0,19.0,0.9986,8.11,0.62,10.8,0,23.6,7,raisins,1.76,3,0,0,1,0,0,0,5.937865558552215
739,0.28,2.6,780.0,21.0,77.0,0.998,8.28,0.51,9.8,0,19.8,7,"nuts, oats",1.59,3,0,0,0,1,1,0,5.175624138606043
740,0.08,2.7,840.0,15.0,48.0,0.9968,8.21,0.59,10.0,0,15.2,7,"nuts, chocolate",1.41,3,0,1,0,0,1,0,5.468256277900043
741,0.21,2.5,920.0,33.0,88.0,0.99823,8.19,0.52,9.2,0,17.6,7,"nuts, chocolate",1.67,3,0,1,0,0,1,0,5.182963987432917
742,0.28,2.4,120.0,36.0,100.0,0.99064,8.26,0.39,11.7,0,13.4,7,chocolate,1.84,3,0,1,0,0,0,0,6.086101798901016
743,0.46,1.7,620.0,26.0,42.0,0.9959,8.18,0.83,10.6,0,19.8,7,chocolate,1.61,3,0,1,0,0,0,0,6.111583057522555
744,0.0,2.1,680.0,30.0,35.0,0.99533,8.48,0.65,11.4,0,15.2,7,"nuts, oats",1.41,3,0,0,0,1,1,0,5.7523769202304
745,0.37,2.3,910.0,10.0,23.0,0.99786,8.24,0.56,10.5,0,19.2,7,"nuts, chocolate",1.55,3,0,1,0,0,1,0,5.667242852573832
746,0.12,1.7,970.0,19.0,27.0,0.99596,8.16,0.49,9.4,0,15.4,7,raisins,1.21,3,0,0,1,0,0,0,5.267309568049388
747,0.0,2.2,870.0,3.0,11.0,0.99378,8.71,0.63,12.8,0,11.2,7,"nuts, oats, chocolate",1.43,3,0,1,0,1,1,0,6.412395629030325
748,0.36,2.8,1160.0,26.0,55.0,0.99722,8.18,0.68,10.9,0,19.2,7,"nuts,raisins",1.44,3,0,0,1,0,1,0,5.649159777323792
749,0.46,2.2,750.0,14.0,27.0,0.99598,8.06,0.84,11.4,0,21.0,7,raisins,1.43,3,0,0,1,0,0,0,6.19868523122182
750,0.4,2.2,680.0,12.0,28.0,0.99486,8.27,0.75,12.6,0,17.8,7,raisins,1.07,3,0,0,1,0,0,0,6.5468707036603995
751,0.01,1.8,930.0,9.0,15.0,0.99514,8.35,0.58,11.0,0,14.6,7,"nuts,raisins",1.78,3,0,0,1,0,1,0,5.5600634437624485
752,0.65,2.4,750.0,6.0,17.0,0.99565,8.22,0.63,11.8,0,20.4,7,chocolate,1.03,3,0,1,0,0,0,0,6.4242525700984565
753,0.53,2.2,600.0,3.0,10.0,0.99572,8.02,0.83,10.9,0,22.2,7,raisins,1.38,3,0,0,1,0,0,0,6.0024846365363835
754,0.2,8.1,980.0,30.0,92.0,0.99892,8.2,0.58,9.2,0,15.0,7,"nuts, oats",1.4,3,0,0,0,1,1,0,5.027709389070228
755,0.56,1.4,470.0,3.0,8.0,0.99471,8.16,0.51,11.8,0,20.6,7,chocolate,1.61,3,0,1,0,0,0,0,6.324180034774546
756,0.08,1.8,740.0,40.0,64.0,0.99529,8.12,0.49,9.6,0,13.6,7,"nuts, chocolate",1.59,3,0,1,0,0,1,0,5.215700995239299
757,0.07,2.5,910.0,15.0,21.0,0.99572,8.38,0.6,11.3,0,14.0,7,"nuts, oats, chocolate",1.24,3,0,1,0,1,1,0,5.912096507484765
758,0.12,1.8,1780.0,6.0,21.0,0.996,8.28,0.87,9.8,0,15.6,7,"nuts,raisins",1.49,3,0,0,1,0,1,0,5.31936423233444
759,0.0,2.2,1000.0,50.0,63.0,0.99544,8.59,0.68,11.4,0,13.2,7,"nuts,raisins",1.47,3,0,0,1,0,1,0,5.7733370272915785
760,0.51,1.75,710.0,45.0,88.0,0.99524,8.33,0.76,11.8,0,17.0,7,"chocolate, oats",1.13,3,0,1,0,1,0,0,6.48629476414315
761,0.4,2.5,680.0,41.0,54.0,0.99754,8.38,0.86,10.5,0,20.4,7,"nuts, chocolate",1.65,3,0,1,0,0,1,0,5.83074473908076
762,0.46,2.1,740.0,24.0,44.0,0.99534,8.4,0.85,11.0,0,14.4,7,raisins,1.12,3,0,0,1,0,0,0,6.038133641059307
763,0.42,1.9,710.0,5.0,13.0,0.99659,8.15,0.75,10.5,0,19.2,7,raisins,1.82,3,0,0,1,0,0,0,5.83878687924172
764,0.29,2.1,750.0,19.0,66.0,0.99718,8.4,0.64,9.5,0,15.2,7,"nuts, chocolate",1.15,3,0,1,0,0,1,0,5.327610867283479
765,0.01,2.6,740.0,48.0,90.0,0.99621,8.38,0.62,10.8,0,15.6,7,"chocolate, peanut butter",1.77,3,0,1,0,0,0,1,5.406834690924899
766,0.0,2.7,1230.0,15.0,33.0,0.99538,8.44,0.63,11.3,0,13.6,7,"nuts, oats, chocolate",1.24,3,0,1,0,1,1,0,5.918447718174672
767,0.24,1.7,770.0,18.0,34.0,0.9948,8.39,0.6,10.6,0,13.4,7,"nuts, chocolate",1.55,3,0,1,0,0,1,0,5.627480458821513
768,0.02,1.7,840.0,13.0,31.0,0.99538,8.36,0.54,10.5,0,15.0,7,"nuts,raisins",1.97,3,0,0,1,0,1,0,5.362705912652427
769,0.26,2.0,830.0,13.0,100.0,0.99586,8.26,0.52,9.9,0,14.4,7,"nuts,raisins",1.7,3,0,0,1,0,1,0,5.148339778375661
770,0.42,2.0,520.0,6.0,24.0,0.9963,8.44,0.82,11.9,0,15.2,7,raisins,1.84,3,0,0,1,0,0,0,6.379444635252998
771,0.59,2.2,770.0,3.0,15.0,0.9994,8.2,0.78,9.6,0,20.0,7,raisins,1.73,3,0,0,1,0,0,0,5.619865972425071
772,0.37,15.4,2140.0,55.0,95.0,1.00369,8.18,0.77,9.0,0,20.4,7,"nuts,raisins",1.0,3,0,0,1,0,1,0,5.219908878994925
773,0.0,1.7,520.0,3.0,8.0,0.996,8.41,0.47,10.3,0,14.0,7,"nuts,raisins",1.21,3,0,0,1,0,1,0,5.269473870120638
774,0.02,1.9,780.0,18.0,30.0,0.99712,8.4,0.75,9.8,0,13.8,7,"nuts, oats, chocolate",1.01,3,0,1,0,1,1,0,5.498600971316247
775,0.19,5.2,940.0,19.0,98.0,0.99713,8.16,0.52,9.6,0,14.8,7,"nuts, oats",1.68,3,0,0,0,1,1,0,5.080391199654979
776,0.0,2.1,600.0,6.0,13.0,0.99664,8.59,0.61,10.0,0,12.4,7,"nuts, oats",1.38,3,0,0,0,1,1,0,5.2622217061644
777,0.08,2.3,670.0,19.0,32.0,0.99648,8.52,0.57,11.0,0,13.4,7,peanut butter,1.63,3,0,0,0,0,0,1,5.2469707169031174
778,0.5,13.8,2050.0,48.0,82.0,1.00242,8.16,0.75,8.8,0,19.8,7,"nuts,raisins",1.9,3,0,0,1,0,1,0,5.094301210876754
